순위,제목,아이디,종류,URL,장르,방영일,회차,채널,연령등급,제작국가,제작연도,줄거리,리뷰,배우,오리지널,개봉일,러닝타임,개봉예정일,원제,방영예정일
1,보물섬,139848,드라마,https://m.kinolights.com/title/139848,"스릴러, 미스터리, 서사/드라마",2025년 02월 21일,16부작,SBS,15세 이상 시청가,한국,2024년,살아남기 위해 2조 원의 정치 비자금 계좌를 해킹한 남자와 해킹당한 사실을 모르고 남자를 죽여 2조 원을 날려버린 비선실세의 이야기,"자극적이고 개연성이 떨어지고 남주여주들이 어색하고 연기가 딸림 조연들이 그나마 연기를 받쳐주는데 그닥 재밌지게 않음 | 그냥 새로운 스토리 보는 재미로 보고는 있다만.. 보면 볼 수록 괴리감들게 어울리지 않는 캐릭터 매칭과 유치하고 저급한 대사가 혀를 내두르게 한다. | 스토리의 좋고 나쁨을 떠나서 논란이 되는건 남주의 연기 아닌가? 정색하고 무뚝뚝한 연기는 있는 대사만 치는게 연기의 다가 아니지 않은가? 몸짓, 눈빛, 심지어 배경까지 아울러야지 | 허허허.. 참 당황스럽네요… 아니 그 내용이 당황스럽다구요^^… | 철 지난 스토리.. 허구라도 우리나라 총 구하기 참 쉽다 | 1회 중반부까지 살짝 지루했는데 볼수록 흥미진진하네요 | 초반에는 ‘로맨스만 없다면 어땠을까?, 어쩌면 좋을지도.’ 라고 생각했지만 흐름을 깨는 PPL과 이것저것 벌여놓은 것들 때문에 어찌할 줄 몰라 급마무리한 느낌이 든다. | 2화까지 본 평 - ost 너무 좋음. 우리 형식이 남자가 다 되었구나!!! | 너무 좋았어요, 함부로 말하지 마세요, 배우들 모두 너무 열심히 했어요. | 출연 배우 모두 연기좋어서 몰입도 장난아님!! 휘몰아치는 전개도 좋고 자칫 잘못하면 스토리가 막장일수있는데 배우들의 무게감있는 연기와 무엇보다 박형식의 쩌는 비주얼때문에 보고또봄","박형식, 허준호, 이해영, 홍화연, 우현, 김정난, 홍수현, 이유준, 권수현, 주연우, 도지원, 차우민, 윤상현, 하수호, 지호, 이항나",,,,,,
2,악연,128887,드라마,https://m.kinolights.com/title/128887,"스릴러, 미스터리, 서사/드라마, 범죄",2025년 04월 04일,6부작,넷플릭스,19세 이상 시청가,한국,2024년,벗어나고 싶어도 빠져나올 수 없는 악연으로 얽히고설킨 인물들의 이야기를 그린 범죄 스릴러,"업보에 시차는 있어도 오차는 없다. | 매듭을 풀어가는 드라마가 아니라 하나의 매듭으로 묶는 드라마다 | 특출마저 연기차력쇼하는 연기서커스 그 자체 | 구성은 촘촘한데, 기시감이 너무 많이 드는 작품 | 근래 본 드라마중에 제일 재미난다 집중도도 높고 | 와진짜 존나재밌습니다 고구마도 미친놈처럼 처맥이니까 사이다맛나네요 | 추리하면서 보는 재미가 있었다 | 자기 전에 1화보다가 지루해서 그냥 잘라했는데 새벽4시에 잤습니다. 얽히고 설킨.. 이게 참 세상이 너무 좁네요 그래서 착하게 살아야 한다니까요 | 꼬일대로 꼬여버린 여러 사람들의 인생과 감정. 그 끝은 다시 시작점으로 돌아왔다. | <악연 시사회> B열 사이드라 중간에 나가려했는데 6시간을 다 봤다","박해수, 신민아, 이희준, 김성균, 이광수, 공승연, 최홍일, 송건희, 신도현, 배윤규, 최소윤, 박호산, 신주환, 정예진, 박보연, 권다함",넷플릭스,,,,,
3,바니와 오빠들,137474,드라마,https://m.kinolights.com/title/137474,"코미디, 멜로/로맨스, 서사/드라마",2025년 04월 11일,12부작,MBC,15세 이상 시청가,한국,2024년,"흑역사로 남아버린 첫 연애 이후, 갑자기 다가온 매력적인 남자들과 엮이게 된 바니의 남친 찾기 로맨스 드라마",남미새 드라마. 얼빠들끼리의 로멘스. | 너무 뻔한 로맨스 드라마 재미없을 거 같다 그래서 안본다 그기고 버니는 왜이렇게 말랏니 남미새 같은 로맨스 드라마 별로,"노정의, 이채민, 조준영, 홍민기, 김현진, 이지훈, 최지수, 김민철, 남규희, 김재화, 왕빛나, 전소영, 채제니, 전준호, 이태희, 김현목",,,,,,
4,승부,102313,영화,https://m.kinolights.com/title/102313,"서사/드라마, 사극/시대물",,,,12세 이상 관람가,한국,2025년,세계 최고 바둑 대회에서 국내 최초 우승자가 된 조훈현. 전 국민적 영웅으로 대접받던 그는 바둑 신동이라 불리는 이창호를 제자로 맞는다. 제자와 한 지붕 아래에서 먹고 자며 가르친 지 수년. 모두가 스승의 뻔한 승리를 예상했던 첫 사제 대결에서 조훈현은 전 국민이 지켜...,"한국판 <퀸즈 갬빗>이라고 말해도 모자람이 없는 사제의 대결. | 지는 해와 뜨는 해를 가릴수 없는 명승부인건 맞는데 | 바둑을 잘 몰라도, 조훈현 이창호는 잘 아는 세대로서 재밌게 봤다. 이병헌, 유아인의 연기는 정말 훌륭하다. 이 영화를 극장에서 볼 수 있어서 감사하다. | ‘승부’라기엔 긴장감이 전혀 없다. | 재관람.. 첫 날 너무 피곤해서 놓친 부분이 많았는데 다시 봐도 너무 재밌다. 바둑이란 소재로 이렇게 흥미진진하게 만들기도 어려울 텐데 | 영화처럼 사제지간은 아니지만 이병헌을 압도하는 유아인의 연기 | 장점과 단점 모두 딱 한국 상업영화의 표본 같은... | 휘몰아 치는 연기 폭풍에도 고요했던 바둑판. ’승부‘라기 보단, 인생 드라마 | 명승부가 맞는 것 같은데 바둑을 모르는 나로서는 그들의 수읽기가 와닿지 않는다. | '제자를 더 단단하게 해주는 스승 노릇'은 조훈현의 몫이 아니었다","이병헌, 유아인, 고창석, 현봉식, 문정희, 김강훈, 전무송, 정우영, 조우진, 정석용",,2025년 03월 26일 개봉,114분,,,
5,폭싹 속았수다,120010,드라마,https://m.kinolights.com/title/120010,"멜로/로맨스, 서사/드라마, 사극/시대물",2025년 03월 07일,16부작,넷플릭스,12세 이상 시청가,한국,2025년,1950년대 제주에서 태어난 요망진 반항아 애순이와 팔불출 무쇠 관식이의 모험 가득한 일생을 사계절로 풀어낸 드라마,"마냥 슬프지만은 않은, 웃음과 따뜻함을 주는 드라마. 주조연, 심지어 잠깐 나오는 단역들의 연기까지 완벽하고 연출극본도 최고최고! | 시대물 좋아요 연기들도 좋고 아역 배우들 왜이리 연기 잘하는거지? | 오랜만에 마음에 드는 드라마 발견 | 시대 배경 연출 연기 모든게 다 완벽 눈물콧물 다흘리면서 봤어요 엄마얘기만 나와도 눈시울이 붉어지네요 정말 오랜만에 진짜 재밌는 드라마 보네요 끝까지 기대됩니다 | 4화까지의 내용과 특히 연출 부분이 너무 아름답다 | 아이유 박보검 배우님들 조합😻 | 몰입감이 대단하고 연기를 다 너무 잘해요 | 와 1화부터 보면서 눈물이 났습니다. 연출 각본 연기 모든게 다 갖춘 작품인 거 같아요ㅠㅜ 시대의 특징도 잘 보이고 웃음포인트 감동포인트 슬픈포인트를 다 느낀 작품이었습니다 | 작가 이름이 연출 위에 있다는 것이 인상적. 연출의 작가에 대한 존중, 존경이 느껴짐. 연출도 너무 좋습니다 -- 마무리까지 갓벽. 상춘이 누나 날 가져요 | 김원석과 아이유의 몸짓은 시리도록 아리고, 임상춘과 아이유의 목소리는 바스라질 듯 바삭거린다.","아이유, 박보검, 문소리, 박해준, 아이유, 최대훈, 나문희, 김용림, 이준영, 이수경, 백지원, 정이서, 이수미, 염혜란, 강정우, 오민애",넷플릭스,,,,,
6,협상의 기술,137475,드라마,https://m.kinolights.com/title/137475,서사/드라마,2025년 03월 08일,12부작,JTBC,15세 이상 시청가,한국,2024년,"M&A 시장의 숨막히는 심리전을 그린 오피스 드라마. 전설의 협상가 윤주노와 그의 팀원들이 펼치는 고도의 두뇌 싸움. 상대방의 마음을 읽고, 허를 찌르는 전략으로 위기에 빠진 기업을 구해내려 한다. 한 치의 실수도 용납되지 않는 비즈니스 세계에서, 그들은 과연 승리를 ...","음악감독 누구냐???? 개구려 | 진중하고 묵직함을 추구하는 드라마를 보며 트렌디 드라마의 특색이 없다고 불평하는 건, 국밥을 먹으면서 햄버거 맛이 안 난다고 투덜대는 꼴. 잘못 만든 걸까, 잘못 찾아온 걸까!? | 현재까지는 그냥 소소함 앞으로 어떻게 되느냐에 따라 흥망이 나올듯 | 올해의 베스트 드라마 | MnA할때 재밌던데요 | 1화가 중요한데 확 오는게 없음 넘 밋밋함 | 8화 마지막 성동일과 유리 전화scene에 bgm은 '불의 전차(1981)' 오마주 인가요? 그 scene에 그 bgm을 ㅡ0ㅡ;; | 재미가 없거나 못만들었다는 느낌은 아니고 오히려 영화적인 연출이 느껴져서 좋기도 하지만, 스토리 밀도가 높지 않은 드라마 장르의 특성상 피곤하고 늘어지는 것 처럼도 느껴짐 | 빌드업에 미친 드라마👍🏻 지나가는듯 보였던 과거의 협상 에피소드가 새로운 사건 해결에 도움을 주는 유기적인 설정들을 물 흐르듯 전개하는데 연기 연출 대본 3박자가 굉장하다🩷 | 멋은 잔뜩 부렸는데 매력이 없는","이제훈, 김대명, 양조아, 차강윤, 안현호, 성동일, 장현성, 오만석, 김종태, 최범호, 김학선, 정석용, 성여진, 전석찬, 이규성, 박형수",,,,,,
7,신병 시즌 3,139088,드라마,https://m.kinolights.com/title/139088,"코미디, 서사/드라마",2025년 04월 07일,16부작,"ENA, Genie TV, 티빙",15세 이상 시청가,한국,2025년,평화는 찰나였다! 예측 불허 ‘두 신병’의 폭격과 ‘그’의 귀환으로 긴장감이 감도는 신화부대. 진급을 앞둔 박민석 일병의 군 생활은 더욱 꼬여가는데... 예측 불허! 하이퍼 리얼리즘 코미디,"시사회 당첨돼서 미리 봤는데 정말 기대하셔도 좋을만큼 웃기고 재밌습니다!!👍👍 다음화가 기다려집니다~ | 역시 신병은 언제봐도 재미있음!! | 깔깔깔 웃게하는 지극한 신병3!! | 시사회로 본 신병3 1~2화! 상영관 안 사람들이 모두 깔깔 웃으며 봤다 시간가는 줄 모르고 봤는데 더 보고싶어서 아쉬웠다 | 시사회 갔다왔는데 너무 재밌었어요! | 요즘 왜이렇게 내 팔자주름을 지게만드는 드라마 영화들이 많은지,,,,,!! 신병3 또 볼게 생겼습니다!!! 기다려집니다 다음 이야기가 ㅠ ㅜ 어떻게 그렇게 끊으시나요!!!! | 우려한 바를 싹 씻은 최고의 속편입니다!! | 너무 웃어서 광대가 아픔 | 시즌3인데... 이렇게 재미있다니...? | 너무 웃기고 재밌었다!","김민호, 김동준, 남태우, 이상진, 조진세, 이충구, 전승훈, 이수지, 오대환, 김요한, 강효승, 장영준, 이정현, 김동준, 장성범, 노성은",Genie TV,,,,,
8,언젠가는 슬기로울 전공의생활,129013,드라마,https://m.kinolights.com/title/129013,서사/드라마,2025년 04월 12일,12부작,tvN,15세 이상 시청가,한국,2024년,대학병원 교수와 전공의들의 리얼한 병원생활과 우정 이야기를 그린 드라마,"개인적으로 고윤정을 보기위해 보려는 드라마. 메디컬 드라마는 사실 소재가 다 뻔해서 크게 기대가 되지는 않음. 중증외상센터처럼 판타지성이 있으면 그나마 차별점이라도 있겠지만 | 유명한 배우가 아니면 캐릭터의 매력을 위해서라도 촘촘한 빌드업이 필요하다. 극중 인턴 자기소개에서 스치듯 지나가는 걸로는 부족. 초반이지만 고윤정 제외 캐릭터의 매력이 너무 없다 | 빈 손짓에 슬퍼지면, 그렇게 세월은 가는 거야 | 슬기로운 전공의라면서 초반에 꿈 판타지로 나오건가영? 고윤정을 위한 드라마네 이거..하 참..머라해야할지 좀 더 볼께여..무슨 의사가 빚에 쪼들려서 일하기싫은데 하는 판타지라니","고윤정, 신시아, 강유석, 한예지, 정준원, 이봉련, 이창훈, 정순원, 손지윤, 이현균, 서이서, 정운선, 이도혜, 홍나현, 김혜인, 유현종",,,,,,
9,나 혼자 산다,87596,예능,https://m.kinolights.com/title/87596,리얼리티,2013년 03월 22일,,MBC,15세 이상 시청가,한국,2013년,"대한민국 1인 가구 453만 시대! 이제는 1인 가구가 대세!
연예계 역시 1/3은 1인 가구! 기러기 아빠, 주말부부, 상경 후 고군분투 중인 청년, 독신남 등 각기 다른 이유로 싱글족이 된 스타들! 당당한 1인 가구의 싱글 라이프는 과연 어떤 것일까?
1인 가구...","나 이만큼 산다 | 출연자에 따라 호불호가 강하게 갈리는 프로그램. 처음 기획의도와 맞는 출연진이라면 흥미롭다. | 옛날에는 재미가득, 웃음가득 지금은 논란가득, 가식가득... | 박나래씨의 활약을 좋아합니다. 솔직히 남자 패널들은 키씨, 코쿤씨 제외 그냥 그래요. 지저분하고 예의없는 사람의 일상이 궁금하진 않습니다. | 보여주기식으로 변해가서 본질을 흐리고 있지만 기안84, 김대호가 진정한 나혼산으로 살리고 있다 | 폼이 좀 오락가락하지만 여전히 재밌는 예능 | 금요일밤에 가볍게 보기 좋은 프로그램, | 최애 예능 | 누가 나오냐 따라서 호불호 있는 프로그램 | 4점에서 1점으로 바꾸고 박나래님 하차할 때 다시 평가하겠습니다.","박나래, 키, 김희민, 코드 쿤스트, 이주승, 김대호, 전현무, 경수진, 이장우, 서인국, 화사, 성훈, 헨리, 이시언, 한혜진, 손담비",,,,,,
10,야당,123772,영화,https://m.kinolights.com/title/123772,"액션, 서사/드라마, 범죄",,,,청소년 관람불가,한국,2024년,대한민국 마약판과 수사기관 사이를 오가며 마약 세계를 뒤흔드는 내부자 ‘야당’을 중심으로 펼쳐지는 이야기,"나 몇 번을 빠꾸하고 싶었는지 몰라 관식아 | 개꿀잼 | '대한민국 검사'가 대통령을 만들 수도 죽일 수도 있다는 대사만 또렷하게. | 높은 수위와 도파민 터지는 오락영화 | 중간중간 뻔히 보여 예상이 가는 장면은 있지만 가볍게 보기 좋다. | 재미는 있는데 생각보다 긴 러닝타임.(시사회 25.4.9) | 15세에 맞추려다 청불 판정나니 애매함만 남았다. | 내부자들의 이병헌, 야당의 강하늘. | 야당 리뷰（강하늘강부로기님 양도） | 정공법에 속도감까지 붙인 속 시원한 정의 구현","강하늘, 유해진, 박해준, 류경수, 채원빈, 우지현, 곽자형, 강지운, 김찬형, 유성주, 이서환, 김금순, 조완기",,,122분,2025년 04월 16일 개봉,,
11,하이퍼나이프,132850,드라마,https://m.kinolights.com/title/132850,"스릴러, 범죄",2025년 03월 19일,8부작,디즈니+,19세 이상 시청가,한국,2024년,과거 촉망받는 천재 의사였던 세옥이 자신을 나락으로 떨어뜨린 스승 덕희와 재회하며 펼치는 치열한 대립을 그린 메디컬 스릴러,"연기 연출 스토리 다 최고입니다.. | 탄탄한 구성, 연출, 치열한 연기와 쫄깃한 전개 | “정교하게 파고드는 메스 같은 이야기, 깊숙이 파고들어 눈을 뗄 수 없다.” | 긴 연기 생활동안 본적 없는 박은빈배우님의 눈빛.. 배테랑 설경구 배우님과의 호흡은 이로 말할 수가 없네요.. | 시사회로 1 ,2화를 봤는데 정말 입틀막. 박은빈의 연기는 선한 역부터 맑눈광이 악역까지 못 하는게 없구나.설경구에게 도전하는 박은빈의 연기대결 기대만발 | 필모 다양하고 캐릭터마다 색깔이 목소리톤까지 갈아끼우는 배우 박은빈 | 박은빈배우 연기천재 | 몰입도 미쳤어요....!!!보면 후회안합니다 강추추!! | 박은빈 배우 연기 너무 ㅎㄷㄷ 연기 미쳤다는 말이 절로 나옴. 음악도 산선하고 연출력도 좋아서 2화까지 보는데 시간이 엄청 빨리감. 일단 매우 재밌다 | 박은빈 연기 대박이네요!! 기존 스릴러와는 다른 신선한 느낌도 있고 인물간의 관계 심리가 어떻게 전개될지 궁금","설경구, 박은빈, 박병은, 윤찬영, 유승목, 이정식, 오용, 한준우, 송훈, 허지나, 문정웅, 장원형, 김종만, 원현준, 장선, 료가 하루히",디즈니+,,,,,
12,하트페어링,140870,예능,https://m.kinolights.com/title/140870,리얼리티,2025년 03월 07일,,채널A,15세 이상 시청가,한국,2025년,결혼하고 싶은 청춘들의 낭만과 현타 충만한 혼전 연애 일기를 그려내는 연애 프로그램,,"윤종신, 이청아, 최시원, 미미, 박지선",,,,,,
13,로비,130610,영화,https://m.kinolights.com/title/130610,"코미디, 서사/드라마",,,,15세 이상 관람가,한국,2024년,"연구밖에 모르는 스타트업 대표 창욱은 라이벌 회사 대표 광우의 뒷거래 때문에 기회도, 기술도 번번히 빼앗긴다. 그의 회사의 유일한 탈출구는 4조 원에 달하는 국책사업을 따내어, 한방에 자본을 확보하는 것! 하지만 로비에 있어선 한수 위인 광우는 조장관을 일찌감치 포섭한...","그린 잔디 위에서 별쳐지는 골프공과 혓바닥의 액션 대활극! 골프라운딩 한두번 가본 관객이라면 공감할 포인트가 넘쳐난다. | 초반에 감독 하정우에 실망했는데, 후반에 웃기다. | 하정우식 유머로 점철된 2시간 블랙 스케치 코미디. | 아무 생각 없이 이 영화를 코미디로만 본 내가 뻘쭘해진다 | 웃고 넘기기엔 씁쓸한 이권 카르텔의 민낯 보기 | 말 같지도 않은 말로 정신을 쏙 빼놓고 정신없이 흘러가는 블랙코미디 | 로비로 쓸 수 있는 게 많을텐데... 이게 골프 영화인가 싶었음... 아무리 접대라도 성적 희롱은 영화로 그만보고 싶어요 | 잘 만든 블랙코미디 영화. | [로비 시사회 후기📽️🎬] 더럽게 싸워도 괜찮아 딩딩딩딩딩🎶 | “정교한 스윙보다는 유쾌한 퍼팅 한 방, 가끔 터지는 홀인원이 기분 좋은 라운딩.”","하정우, 김의성, 박병은, 강해림, 박해수, 강말금, 이동휘, 곽선영, 현봉식, 최시원, 차주영, 엄하늘, 이지훈, 김종수, 성동일, 박경혜",,2025년 04월 02일 개봉,106분,,,
14,미키 17,114677,영화,https://m.kinolights.com/title/114677,"SF, 판타지, 어드벤처, 코미디",,,,15세 이상 관람가,"한국, 미국",2024년,"친구 티모와 함께 차린 마카롱 가게가 쫄딱 망해 거액의 빚을 지고 못 갚으면 죽이겠다는 사채업자를 피해 지구를 떠나야 하는 미키. 기술이 없는 그는, 정치인 마셜의 얼음행성 개척단에서 위험한 일을 도맡고, 죽으면 다시 프린트되는 익스펜더블로 지원한다. 4년의 항해와 얼...","여전한 삑사리의 세계에서, 여전하지 않은 낙관을 발견하다. 한국은 SF 불모지라는 이상한 주장을 이번 기회라도 내려놓을 것 같은 희망도 느껴진다. | 뭔가 설국열차와 옥자 중간 그 어디쯤 | 대체할 수 있는 소모품이 아닌 고유한 하나의 존재가 되기 위한 연대. | 봉테일치고는 조금 실망스러운 내용이었다. 이전에 보여줬던 영화들에서와 달리 뭔가 큰 반전이 없었다는게 조금 밋밋했던 것 같다. | 미키17에는 괴물, 기생충, 설국열차, 옥자, 마더가 있었다. 아마 봉준호 감독의 작품을 더 보았다면 그 작품들도 알아차렸겠지. 아 봉준호는 이제 장르가 되었다(positive). | 현실의 수많은 미키와 크리퍼들을 위하여 | 인간의 존엄성을 느끼게 해준 영화. 아무리 새로운 미키가 나온다고 해도 미키는 미키다. | 숨 쉬는거 까먹고 봤습니다. 니플하임 행성에 도착 후 폐에 바이러스 넣을 때 제가 숨을 안쉬고 있다는걸 깨달았죠. | 인간과 싸구려 고깃덩어리는 어떻게 구분 지을 수 있나요 | 흔한 헐리웃 소재에 심심하지 않게 봉준호표 양념을 더한 느낌. 블럭버스터라 어쩔 수 없는 안전빵 작전인데 그때문에 매력이 줄었어..","로버트 패틴슨, 나오미 아키에, 스티븐 연, 토니 콜렛, 마크 러팔로, 안나마리아 바르토로메이, 카메론 브리튼, 앵거스 임리, 스티브 박, 첼시 리, 스파이크 화이트, 마이클 먼로, 팻시 페란, 로이드 허친슨, 이안 한모어, 사무엘 블렌킨",,2025년 02월 28일 개봉,137분,,Mickey 17,
15,선의의 경쟁,131187,드라마,https://m.kinolights.com/title/131187,"스릴러, 미스터리, 서사/드라마",2025년 02월 10일,16부작,"U+모바일tv, U+tv",19세 이상 시청가,한국,2024년,살벌한 입시 경쟁이 벌어지는 대한민국 상위 1% 채화여고에 전학온 슬기에게 각자의 욕망을 드러내는 친구들 그리고 수능 출제 위원이었던 아버지의 의문사를 둘러싼 미스터리 걸스릴러,아름답다 | 다른 차원의 하이틴 스릴러물 | 드라마 원래 안보는데 오늘 시사회 보고 나서 정주행 할거 같습니다. 그림체도 너무 이쁘고 연기도 잘하고 내용도 재밌어요. | 전교1등을 바라보며 피튀기는 고3 경쟁 무섭고도 겁나네요! 너무너무 재미있게 잘봤습니다! | 오글거리는 건 나뿐인가? | 오늘 시사회로 먼저 보게되었는데 우선 배우들의 연기가 좋았고 이런 장르를 잘 접해보지 않아서 신선한 느낌도 있었고 한편 한편 볼 때마다 다음편이 기대되는 느낌이 들었습니다. | we need season 2 | 걍 존나 재밌다 | 치정한 척만 가득. 혜리는 연기가 안 는다. | good,"이혜리, 정수빈, 강혜원, 오우리, 김태훈, 영재, 이원재, 유정래, 고다현, 강진아, 채서은, 김상지, 나현진, 마현지, 유하영, 윤채나","U+모바일tv, U+tv",,,,,
16,드라이브 인 타이페이,140666,영화,https://m.kinolights.com/title/140666,"액션, 스릴러",,,,15세 이상 관람가,"프랑스, 대만, 미국",2024년,"전직 DEA 요원과 전직 잠복 요원이 타이베이에서 보낸 운명적인 주말 동안 서로의 로맨스를 되새기지만, 그들의 과거가 가져온 위험한 결과를 알지 못한다.","여러모로 샹치가 떠오른다, 괜찮은 액션신이 있지만 형편없는 이야기가 망치는 영화. 악역인 성강이 불쌍할 정도로 비호감인 주인공 모자지만 엄마인 계륜미의 저력이 그나마 살린다. | 뤽 배송 스타일에 아시아풍이 가미된 카 체이싱+액션 | 액션 외에 스토리가 이렇게 형편없을 수가… 내용으로 재미없게 밀당까지하는 걸 보면 너무나 낡다못해 삭은 전개에 할 말을 잃음 | 오마주하기에 급급한 액션. 4D 기름칠이 아니었다면. | 그녀가 운전에 능할 수 밖에 없었던 이유 결국 가정을 지켜낼 수 있었던 따뜻한 드라마 박진감 넘치는 카체이싱에 눈을 뗄 수 없었다 | 예고편에 속았다. 참 이렇게 못만들기도 힘들텐데. 액션도 카레이싱도 개연성도 다 엉망인 졸작 중에 졸작. | 전력 질주하지 않는 카체이싱 갈수록 후달리는 액션 계륜미가 멱살 잡고 끌고가지만. | 드릅게 맛대가리없는 분노의 흑당밀크티 | 뤽 배송이 제작과 각본을 썼는데 정말 구리다. 계륜미와 성강과 루크 에반스는 왜 나온건지. | 내 인생 최악의 영화 감독은 두번 다시 영화 만들지마라 사람임? 추격전은 개뿔~이런 긴장감없는 추격전이 어디있냐 주인공이 발로 뛰어 도주하는 차량을 잡는다~~~~~~~","루크 에반스, 계륜미, 성 강, 와이엇 양, 퍼넬 워커, 육혁정",,2025년 04월 11일 개봉,100분,,Weekend in Taipei,
17,아마추어,138657,영화,https://m.kinolights.com/title/138657,"액션, 스릴러",,,,12세 이상 관람가,미국,2025년,"어느 날, 사랑하는 아내가 살해당했다. 내가 소속된 CIA는 침묵했고 진실은 묻혔다. 나는 프로 킬러도, 현장 요원도 아니다. 암호를 풀던 내가 이제는 복수를 설계한다. 놈들을 반드시 찾아내서 똑같이 갚아줄 것이다. 컴퓨터나 두들기는 범생이 총 한 발 못 쏘는 ‘아마추...","생각보다 허술하고 그 허술함이 나름 코믹 구간이었음 ㅎㅎㅎ 총소리 너무 커서 좋았어요 ㅎㅎㅎ | 애순이 보다 못한게 복수 한다는 꼬라지하고는 쯧쯧 | ‘작은 고추’ 라미의 활약이 돋보이는 흔한 첩보물 | 프로같은 차별화된 추적 복수 서사, 아마추어 같은 치밀함 부족한 전개 | 마지막이 싱겁지만 볼만했다 | 스스로 핸디캡을 주고 시작하는 게, 그러면서 스스로 클리셰로 향하는 게 요즘 할리우드 액션 트랜드인가? | 공대 출신이 예체능으로 전과하기 위한 고군분투라고 생각했는데 피지컬의 단점을 덮을 만큼 기술의 장점을 극대화 시켜서 꽤 나쁘지 않은 사투를 벌인다 | 첩보 영화 팬이면 충분히 볼만한 영화 | 내면의 탐구는 베테랑처럼, 주연 외 캐릭터의 깊이는 아마추어처럼 | 아내의 죽음으로 인해 CIA정보분석관이 현장에 나가서 그 복수를 한다는 점이 조금 신선하긴했다. 다만, 현장요원이 아니다보니 답답한 장면들도 좀 있는점은 감안해야 했던 것 같다.","라미 말렉, 로렌스 피시번, 레이첼 브로스나한, 케이트리오나 발피, 존 번설, 마이클 스털버그, 홀트 맥칼라니, 줄리안 니콜슨, 에반 밀턴, 닉 밀스, 티파니 그레이, 아드리안 마티네즈, 케이트 섬터, 데이비드 밀스, 조셉 밀슨, 아니타 아난드",,2025년 04월 09일 개봉,123분,,The Amateur,
18,미션 임파서블: 데드 레코닝,82856,영화,https://m.kinolights.com/title/82856,"액션, 스릴러, 어드벤처",,,,15세 이상 관람가,미국,2023년,"모든 인류를 위협할 새로운 무기를 추적하게 된 에단 헌트와 IMF팀은 이 무기가 인류의 미래를 통제할 수 있다는 사실을 알게 된다. 전 세계가 위태로운 상황에 처한 가운데, 이를 추적하던 에단 헌트에게 어둠의 세력까지 접근하고 마침내 미스터리하고 강력한 빌런과 마주하게...","시리즈가 계속되는 데는 이유가 있다. | 역시 톰크루즈는 톰이다 2편의 프리퀄 느낌이 강하지만 이건 톰크루즈만 할 수 있다 | 톰 크루즈라 가능한 시리즈이지만 그레이스를 부각시키려고 일사 캐릭터를 소모적으로 쓴 건 아쉬움. 톰크루즈씨 제발 자연사 해주세요. 위험한 스턴트는 이제 그만해도 될것 같아요 | 시간 가는줄 모르고 재밌게 봤습니다 | 러닝타임이 긴데도 늘어지는 부분 하나도 없이 액션 스릴로 꽉꽉 채워주심. 탐크루즈는 영화 하나 찍을 때마다 공로상 줘야합니다 여러분! | 익숙한 맛이 좋지만 영화가 늘어지는 감이 느껴져서 아쉬웠다 | 러닝타임에 대한 집착을 조금만 버렸더라면. | 기대가 컸거나, 지쳤거나, 실망했거나 | 이단 헌트는 이제 은퇴해도 될 듯 해요^^ | 충분히 재밌었지만 파트2로 너무 많을걸 떠넘기는건 아닌가하는 걱정","톰 크루즈, 헤일리 앳웰, 빙 라메스, 사이먼 페그, 레베카 퍼거슨, 바네사 커비, 폼 클레멘티에프, 에사이 모랄레스, 헨리 제니, 쉐어 위햄, 마리엘라 게리가, 그렉 타잔 데이비스, 찰스 파넬, 롭 딜레이니, 인디라 바르마, 마크 게티스",,2023년 07월 12일 개봉,163분,,Mission: Impossible - Dead Reckoning,
19,극장판 진격의 거인 완결편 더 라스트 어택,140481,"영화, 애니메이션",https://m.kinolights.com/title/140481,"액션, 애니메이션",,,,15세 이상 관람가,일본,2024년,"거인의 위협으로부터 몸을 지키기 위해 거대한 벽을 쌓고 그 안에서 숨을 죽이고 살고 있는 인류. 백 년의 평화는 초대형 거인의 습격으로 파괴됐고, 어머니를 잃은 소년 엘런 예거는 모든 거인을 없앨 것을 맹세하고 거인과 싸우는 조사병단의 일원이 되었다. 글자 그대로 목숨...","생각보다 깊이가 있는 애니메이션이어서 놀랐고, 최종편에 맞는 대규모 전투가 피날레를 잘 장식해준 것 같음 | 자유를 해방하기 위해 증오의 고리를 끊자. 시간의 바람을 만나 8의 형태로 다시 꼬일지라도. | 10년에 여정을 함축해서 담은 보물창고 같은 영화!! | 싸우는 장면만 보고 싶다. | 어릴 때 1기 보다가 영화 개봉 했다기에 요약보고 봐서 그 감정선을 온전하게 못 느끼니, 액션만 남은 이상한 애니메이션으로 느껴졌다. | 10년간의 대장정을 함께 해준 고마운 팬들에게 보내는 러브레터 | G.O.A.T | 역대 최고의 J-애니메이션 시리즈, 그 마지막을 장식하는 화려하고 장중한 마침표! | 극장에서 마지막을 볼 수 있어서 좋았던 영화 | 몰아치는 140분, 인류의 역사에 남을 애니메이션","카지 유우키, 이시카와 유이, 이노우에 마리나, 카미야 히로시, 시마무라 유우, 박로미, 시모노 히로, 타니야마 키쇼, 코바야시 유우, 와타나베 아케노, 모가미 츠구오, 오노 켄쇼, 타나카 마사히코, 타카하시 켄지, 미우라 치유키, 카츠 안리",,2025년 03월 13일 개봉,144분,,劇場版「進撃の巨人」完結編 THE LAST ATTACK,
20,알라딘,70069,영화,https://m.kinolights.com/title/70069,"판타지, 어드벤처, 뮤지컬, 멜로/로맨스",,,,전체 관람가,미국,2019년,"줄거리 : 아그라바 왕국의 좀도둑 알라딘은 마법사 자파의 의뢰로 마법 램프를 찾으러 간다. 마법 램프를 찾은 알라딘은 지니를 만나고 자스민 공주의 마음을 얻기 위해 소원을 빌기 시작한다.

1분 정보 : 1992년에 개봉한 디즈니 애니메이션 알라딘을 원작으로 하는 ...","너무 재미있게 봤던 알라딘! 영상미도 훌륭하고 배우들연기 갓벽하고 음악들도 너무 좋았다 더군다나 지니는 진짜완벽했다👍 | 영화 <알라딘>을 봤다. 처음봤을때, 외국인 관크를 당해서 본건지 안본건지 싶었으나 물리적인 시간정황상 봤기 때문에 할말이 없구나 하고 자파가 제일 잘생겼고, 앵무새 이아고가 제일... | 캐스팅 좋고~ 노래도 좋지만~ 제발 원작을 비트는 건 적당히 해줘! | 지금까지도 잊혀지지 않는 ost들..!! 한때 인생작이었던 만큼 명작입니다 | 실사화를 정말 잘했다고 생각하는 작품... | 어떻게 이렇게 캐스팅을 잘해...? 지금과 비교되는 재미와 완성도 캐스팅.. | 한줄평 - 싱잉랩도 잘하는 윌 스미스 | 디즈니 고전 애니메이션의 실사는 항상 원작에서 따온 부분과 그렇지 않은 부분의 위화감이 문제가 된다. 알라딘도 그런 면에서 피해갈 순 없었지만 그래도 윌 스미스의 지니와 나오미 스... | 시대가흘러도여전히다시고픈영화 | 디즈니 실사판의 진수 음악이 계속 남는다","메나 마수드, 윌 스미스, 나오미 스콧, 마르완 켄자리, 네이비드 네가반, 나심 페드라드, 너맨 아카, 빌리 매그너슨, 조던 A. 내쉬, 오브리 린, 아미르 보르토스, 스테판 칼리파, 니나 와디아, 알란 터딕, 프랭크 웰커",,"2022년 09월 07일 재개봉
2019년 05월 23일 개봉",128분,,Aladdin,
21,진격의 거인 The Final Season 완결편 (전편),104770,애니메이션,https://m.kinolights.com/title/104770,액션,2023년 03월 04일,1부작,"애니맥스, 애니플러스, NHK G",19세 이상 시청가,일본,2023년,그 거인은 언제 어떤 시대에도 자유를 갈망하며 나아갔다. 자유를 위해 싸웠다. 그 이름은 진격의 거인'. 드디어 밝혀진 벽 밖의 진실과 거인의 정체. 이곳에 이르기까지 인류는 너무나도 큰 희생을 치렀다. 그럼에도 그들은 계속 나아가야만 한다. 벽 밖에 있는 자유의 상징...,"이 시대에 태어난 이유는 진격의 거인을 보기 위해서였다. | 마지막을 향한 땅울림 | 진짜 연출이 지리는데 | 끝을 향해 달려가는 진격의 거인. | 멸망을 초래할 재앙의 공포 속에서 일치해가는 후회와 죄책감, 잔혹한 세계 속에서 찾고 싶은 희망 | 떡밥회수의 교과서. 진행하면서 생각하는게 아니라 구상을 다 마치고 시작한다는게 쉽지 않았을텐데. 정말 굉장합니다 | 스토리 늘어지는 느낌은 있긴하나 전반적으로는 재미가 있고 마지막 액션작화는 좋다 | 원작 결말도 너무 좋았지만 비판들 때문에 수정한 애니판의 결말도 너무 훌륭했던 최고의 애니라 생각합니다. | 진격의 거인 The Final Season 완결편 (전편) 더빙 | 진짜 개슬푸다ㅜㅜㅜ 에렌죽지마ㅜ ㅈㅂㅈㅂ 진짜 하ㅜ 개에바임 어쩔수없긴해ㅜㅜ","카지 유우키, 이시카와 유이, 이노우에 마리나, 타니야마 키쇼, 카미야 히로시, 박로미, 시모노 히로, 코바야시 유우, 와타나베 아케노, 모가미 츠구오, 오노 켄쇼, 타나카 마사히코, 타카하시 켄지, 미우라 치유키, 카츠 안리, 츠치다 히로시",,,,,進しん撃げきの巨きょ人じん ザファイナル シーズン,
22,미션 임파서블,20680,영화,https://m.kinolights.com/title/20680,"액션, 스릴러, 어드벤처",,,,15세 이상 관람가,미국,1996년,동유럽 첩보원들의 비밀 명단을 훔쳐 무기상에 팔아 넘기려는 음모를 막기 위해 짐 펠프스가 이끄는 CIA 최고의 팀 미션 임파서블이 투입된다. 그러나 대사관 파티에 잠입하여 동료들과 함께 작전을 수행하던 중 팀의 리더였던 이단 헌트만이 구사일생으로 혼자 살아 남는다. 곧...,"시간 가는줄 모르고 재밌게 봤습니다 | 스파이 액션물로 톰 크루즈가 너무나 이단 헌트여서 진짜 좋았음 30년이 다 되도록 시리즈로 이어나간 톰 크루즈의 저력 | 역사의 시작 | 시리즈의 완벽한시작. 어쩌면 1편만큼 완벽한 미션임파서블 시리즈는 없지않을까. 스릴이란걸 이토록 쉽게느끼게 해주다니 ㄷㄷ 다시봐도 너무 재밌다 | 이 영화를 극장에서 못 본 것은 정말 한이 될 것 같다 | 시리즈가 왜 오랜 시간 사랑받는지 왜 톰 크루즈가 '이단 헌트' 인지를 보여준다. | 스파이 영화의 한 획을 긋게된 전설의 시작 | 빰빰 빠밤 빰빰 빰밥 | 스토리도 엄청 매력 있고 3파전의 양상도 맘에 든다. 액션도 1996년을 감안하면 완벽하고, 천장으로부터 방에 잠입하는 장면은 2024년에 봐도 이질감 하나 없이 긴장감 최고다. | 전설의 시작","톰 크루즈, 존 보이트, 엠마누엘 베아르, 헨리 제니, 장 르노, 빙 라메스, 크리스틴 스콧 토마스, 바네사 레드그레이브, 잉게보르가 다프쿠나이트, 안드레아스 위스니에우스키, 카렐 도브리, 리코 로스, 애나벨 멀리언, 헬렌 린제이, 팻 스타, 마르첼 유레스",,1996년 06월 15일 개봉,110분,,Mission Impossible,
23,약한영웅 Class 1,114811,드라마,https://m.kinolights.com/title/114811,"액션, 스릴러, 서사/드라마",2022년 11월 18일,8부작,"웨이브, 채널S",19세 이상 시청가,한국,2022년,"상위 1% 모범생 연시은이 처음으로 친구가 된 수호, 범석과 함께 수많은 폭력에 맞서나가는 과정을 그린 약한 소년의 강한 액션 성장 드라마","빠른 템포와 전개, 시원시원한 액션, 훌륭한 연기. 웨이브서 졸잼 작품 물어보면 무조건 이거 말할듯 | 아직 안본 사람들 어서 보시오. | 웹툰이랑 드라마를 잘 안봐서 정말 정보 1도 없이, 기대 1도 없이 봤다가 매우 재미있게 몰입해서 본 작품. 배우들도 전부 처음보았는데.. 입덕해버림. | 힘은 과시가 아니라, 지키기 위한것이라는 이야기 | 액션도 좋고 좀 막장스럽지만 뒷이야기를 궁금하게 만드는 매력이 있음. 현대판 말죽거리 잔혹사를 보는 듯하다. 클래스1 이라는 건 2나 3도 있다는 거겠지? 기대된다. | 몇회차씩 다시 정주행해도 좋은 작품 | 8화가 시즌2를 간절히 바라게 만들고! 캐릭터들의 감정변화들을 보는게 마음 아프기도 했고 그 상황들이 하나같이 모두 이해가 되서 눈물 한바가지 흘리게 만들어요.. | 매운맛 학원물 | 약한영웅 Class 1 스페셜 시사회 후기 | WAVE 가입해서 시청 필수","박지훈, 최현욱, 홍경, 신승호, 이연, 나철, 김수겸, 차우민, 윤정훈, 황성빈, 천명우, 차성제, 염지영, 김성균, 공현주, 조한철",웨이브,,,,,
24,대환장 기안장,134969,예능,https://m.kinolights.com/title/134969,"버라이어티, 리얼리티",2025년 04월 08일,9부작,넷플릭스,12세 이상 시청가,한국,2024년,기안84가 울릉도에서 청춘을 위해 기상천외(!)한 민박을 차리고 운영하는 신개념 민박 버라이어티,"생각없이 보기 좋음 ㅋㅋ | 특이하긴 함 킬링 타임으로 가족끼리 보기 나쁘지 않음 엥??? 하면서 보고 있음 | 저는 너무 잼있게 보고 있어요~ 간만에 참신한 예능인거 같아요. 진님 예은님도 여기에 너무 잘 어울리는거 같아요. | 진 없었으면 큰일 날 뻔.. | 기안84의 날것의 맛이 처음엔 너무 자극적이었으나 이젠 익숙해져서 이제는 오히려 답답하고 단순하고 식상하다 ㅠ ㅠ짜증도 나고... ㅠ | 기안 과 연결해 상당한 상상력으로 재미를 준다 볼만하다 | ㅋㄲㅋㅋㅋ 기안스럽다 | 괴랄한데 그게 너무 기안스러움. 진은 너무 바르고, 예은 귀엽고! | 기안이 기안함 | 역시 기안ㅋㅋㅋㅋㅋ","김희민, 진, 지예은",,,,,,
25,베러 맨,141533,영화,https://m.kinolights.com/title/141533,"판타지, 서사/드라마",,,,15세 이상 관람가,"영국, 미국, 캐나다, 프랑스, 호주",2024년,"어릴 때부터 노래에 남다른 재능을 보인 로비는 보이밴드 테이크 댓으로 데뷔해 영국 전역에서 최고의 인기를 누린다. 하지만 인기가 커질수록 각종 사건사고로 멤버들과 갈등을 빚고 결국 팀을 탈퇴한다. 화려한 솔로 복귀에 성공하지만, 내면의 상처와 불안은 점점 커져만 간다....","로비 윌리암스 일기 재미있었습니다 처음과 끝 둘다 불태우자!! | 더 좋은 영화가 될 수 있었기에 그저 화려한 연출만 아깝다. | 위대한 쇼맨이나 보레이안 랩소디 같은 영화를 기대했다면, 그렇지 않다 생각보다는 괜찮았고 기대보다는 못미친 영화 만약 침팬지가 아니었더라면 더 좋았을 영화 | 화려한 외관에 텅 비다 못해 부서진 대저택이 로비를 상징한다. 걱정거리 없어 보이는 잘나가는 스타도 자기혐오를 한다는 건 알겠는데 영화 내내 너무 그 이야기만 해서 지친다 | 신파와 음악으로 얼렁뚱땅 모면하는 2시간이 내내 괴롭다. (+ 250403 CGV 회원시사회) | 배러맨후기(융융이나눔) | 나쁘지 않은 실험정신을 모두 덮어버린 기본적인 역량의 부재 | 꽤 나댔던 시끄러운 인생인건 알겠는데 전기영화는 쫌 | 자아도취적 자기혐오를 지나 자기 구원에 이르러서야 한 단계 진화한 나를 만난다. | 무엇이 스타를 만드는가? 스타는 무엇으로 완성되는가?","로비 윌리엄스, 존노 데이비스, 스티브 펨버튼, 앨리슨 스테드먼, 케이트 물바니, 프레이저 해드필드, 데이몬 헤리맨, 레셸 바노, 톰 버짓",,2025년 04월 09일 개봉,135분,,Better Man,
26,독수리 5형제를 부탁해!,138325,드라마,https://m.kinolights.com/title/138325,"코미디, 멜로/로맨스, 서사/드라마",2025년 02월 01일,50부작,KBS 2TV,15세 이상 시청가,한국,2024년,오랜 전통의 양조장 독수리술도가의 개성 만점 5형제와 결혼 열흘 만에 남편의 갑작스러운 죽음으로 졸지에 가장이 된 맏형수가 빚어내는 잘 익은 가족 이야기를 그린 드라마,,"윤박, 엄지원, 김동완, 안재욱, 최대철, 최병모, 박준금, 배해선, 김준배, 박효주, 유인영, 윤준원, 김승윤, 신슬기, 이명호, 김동완",,,,,,
27,대가족,137001,영화,https://m.kinolights.com/title/137001,서사/드라마,,,,12세 이상 관람가,한국,2023년,스님이 된 아들 때문에 대가 끊긴 만두 맛집 평만옥 사장에게 세상 본 적 없던 귀여운 손주들이 찾아오면서 생각지도 못한 기막힌 동거 생활을 하게 되는 이야기.,"뻔하지만 소소하게 웃김 가족은 만두다 | 공짜로 봤는데도 시간 아까움. 이런걸 웃으라고 만들었나 싶음 | 철가방으로 나오는 사람.. 분장이 너무 오바다.. 의도는 알겠는데, 오바야.. | 따뜻하지만 뻔한 클리세 | 이것저것 한데 모아 '가족'이라는 만두피로 봉합 | 진지하게 영화판 떠나시는게..... 감독님 감 다 떨어지셨네요. | 가족을 위해 자본주의에 맞서던 아버지의 만두를 나는 기억합니다. | 따스하고 훈훈한 엔딩이 참 첫눈 같다! 흥행과 평가가 열연이 아쉬운 영화! 🥹 | 따끈따끈한 만두에서 느껴지는 온정과 따뜻함 | 관객들 거의 빵빵 터졌던 만큼 너무 재밌게 봤어요 슬픈 부분도 있고 마음 따뜻해지는 영화예요","김윤석, 이승기, 김성령, 강한나, 박수영, 김시우, 윤채나, 서범준, 이송경, 이재용, 최무성, 황정민, 심희섭, 길해연, 이순재",,2024년 12월 11일 개봉,106분,,,
28,이혼보험,136125,드라마,https://m.kinolights.com/title/136125,"코미디, 멜로/로맨스, 서사/드라마",2025년 03월 31일,12부작,tvN,15세 이상 시청가,한국,2024년,"최고의 브레인만 모여있다는 한 보험회사 혁신상품개발팀에서 새로운 이혼 보험 상품을 개발, 이혼과 관련된 모든 사항을 수치화하고 그에 합당한 보험금을 책정하는 등 이혼에 값을 매기는 적나라한 과정을 담은 드라마","참 소토리도엉성해 배우연기도별로 뭐하나 맞는가ㅚ없음 시간아까움 | 재미없는 예능의 맛 | 보다가 잠이 솔솔…….. 대본리딩영상은 이런 느낌이 아니었는데…… | 이동욱, 이광수 예능 드라마 | 남여주 로코같이 붙을때가 재밌지만 이원석은 드라마하기에 과하게 B급병맛..","이동욱, 이주빈, 이광수, 이다희, 추소정, 유현수, 김원해, 남창희, 백현주, 조재윤, 조보아, 박영규",,,,,,
29,너의 췌장을 먹고 싶어,570,영화,https://m.kinolights.com/title/570,"멜로/로맨스, 서사/드라마",,,,12세 이상 관람가,일본,2017년,"스스로를 외톨이로 만드는 나. 학교 최고의 인기인 그녀. 어느 날, 우연히 주운 [공병문고]를 통해 나는 그녀와 비밀을 공유하게 되었다. 네가 건넨 영원히 잊지 못할 고백. 그때 나는 그 말의 의미를 알지 못했다.","괴랄스런 제목만큼 강한 울림 | 기묘하게만 느껴지던 한 문장이, 점차 사랑의 모든 감정을 꾹꾹 눌러 담은 문장으로 변하며, 마음속에 아련함 가득한 봄 벚나무를 피워내다. | 삶에 대한 희망을 담아 친구와 연인에게 보내는 라스트 러브레터 | 선택과 선택이 모여 만남이 된다. | 애니 보고 바로 봤는데 첫부분엔 조금 상황설명이 부족한거같았는데 후반부로 갈 수록 먹먹해짐이 ㅠㅠ 슬픔... 강력추천... | 일본 감성이 맞는다면 참 귀엽고 애틋하고 슬픈 영화. 끝날 즈음에 다들 코를 훌쩍이시더라구요. 너무 좋았어요 | 흔한 말로도 충분히 표현할 수 있을 것 같은데? | 제목에 흠칫했는데, 내 눈물을 훔쳐감. 잔잔한 수면 뒤로 파도가 밀려오는 로맨스 | 사쿠라(여주)가 사쿠라(벚꽃)를 보고 싶다고 했을때 남주와 나는 똑같은 감정을 느꼈을 것이다. 내 눈에서 무언가 흘러 내릴것을 우린 알아버렸다. 응어러진 가슴 한켠이 무너졌다. | 방심하고 있다가 무심코 울컥하게 만드는, 이제 슬슬 봄이오니 다시 봐야겠다","하마베 미나미, 키타무라 타쿠미, 키타가와 케이코, 오구리 슌, 오오토모 카렌, 사쿠라다 도리, 야모토 유마, 카미지 유스케, 나카타 케이스케, 모리시타 다이치, 나가노 사토미",,"2025년 04월 09일 재개봉
2017년 10월 25일 개봉",115분,,君の膵臓をたべたい,
30,굿데이,139654,예능,https://m.kinolights.com/title/139654,리얼리티,2025년 02월 16일,,MBC,15세 이상 시청가,한국,2024년,지드래곤이 다양한 분야의 인물들과 함께 올해의 노래를 완성하는 음악 프로젝트 프로그램,"예능에서 보기 힘든 지디 김수현 ...오~ 다같이 어떤 음악을 만들지 부를지 오랜만에 기대가되는 예능이네요 넘 재미나네요 다음주 기대기대 | 너무 많이 웃었네요!!! 지디-도니-데프톤의 조합은 역시나 좋고, 지디-김수현의 이외의 조합도 좋아요.. 다음주도 기대하고 있습니다~~~~ | 김수현 배우님 나와서 넘 좋더라고요 지디와 함께 재밌는 예능 음악 만들어 지길요 | 김수현의 매력이 돋보인다 | 첫화부터 빵빵터지네요 광희 성대모사하는 김수현 ㅋㅋㅋ 완전 똑같네 88솔로나라도 너무 기대합니다 😆 #김수현 #굿데이 | 감다뒤 김태호 피디 김수현 논란 이전부터 개노잼이셨어요 | 지드래곤의 굿데이가 매년 계속되기를 :) 그리고 권지용의 좋은 날도! | 노잼 | 예능에 배우 김수현의 발견이랄까 노래도 잘하고 예능도 너무 재밌게 잘한다 리액션도 너무 좋고 보는내내 기분좋아짐 | 노잼이다 그냥 자기 지인들 만나서 떠드는 프로 감동도 재미도 없음. 코드쿤스트 웃음이 너무 거슬림 ㅋㅋ","권지용, 정형돈, 데프콘, 코드 쿤스트, 조세호, 김수현, 김희민, 황광희, 정해인, 임시완, 이수혁, 황정민",,,,,,
31,신데렐라 게임,138327,드라마,https://m.kinolights.com/title/138327,"스릴러, 미스터리, 멜로/로맨스, 서사/드라마, 범죄",2024년 12월 02일,101부작,KBS 2TV,15세 이상 시청가,한국,2024년,"원수에 의해 가짜 딸로 이용당해 복수의 화신이 된 여자가 진정한 복수의 의미를 깨달으며 성장, 치유하는 이야기를 그린 드라마",,"한그루, 박리원, 권도형, 최민, 나영희, 지수원, 김혜옥, 최종환, 박창훈, 김건우, 김지성, 신연우, 박리원, 유하연, 최종환, 진혜원",,,,,,
32,임영웅│아임 히어로 더 스타디움,135988,"영화, 공연",https://m.kinolights.com/title/135988,,,,,전체 관람가,한국,2024년,"“영웅시대가 저와 별의 이야기를 함께 써 내려가고 있다고 생각해요” 2024년 5월, 서울월드컵경기장에서 양일 10만 명의 관객을 동원하며 콘서트 안팎으로 폭발적인 화제를 일으켰던 임영웅의 콘서트를 극장에서 다시 만난다. 무대 위 압도적인 가창력과 다채로운 퍼포먼스, ...",팬들을 생각하는 마음이 진심이라는걸 다시 한번 느끼고 감동 받았어요~ 지금도 좋은 점이 차고 넘치는데 더 좋아졌어요. 앞으로도 좋은 공연 기대하며 응원합니다!!!^ | 이름처럼 산다. 엄마의 청춘을 알아주는 임영웅이 너무좋더라 진정한 히어로 | 영화관내 모든 연령의 엄마들을 소녀로 만들어주는 영화 진짜 영웅 히어로였다 | 임영웅 아임히어로더스타디움 공연 영화는 팬들을 향한 진심과 아티스트 로써 전심을 합해 감동과 전률을 느끼게 해준다. 눈과 귀가 즐겁고 가슴을 울리는 영화 | 임영웅 최고입니다 .... 영화 다시 보겠습니다 | 임영웅의 노력과 진심이 느껴졌다 | 팬들을 사랑하는 마음이 진심이라는 마음이 느껴지고 영화를 보고 감동을 받았어요. | 임영웅은역시임영웅이라는걸영화보며다시한번확인~ 라이브실력영상미그리고멋진아티스트준비과정 모든게퍼팩트 | 최고의영상ㆍ감동입니다 | 명품가수 임영웅의 아임 히어로 더스타디움은 볼때마다 행복하고 볼때마다 놀라움이네요 하나하나 섬세하지만 철저한 준비로 행복을주려 노력한 모습에 또 반합니다 모든날 모든순간 사랑합니다,임영웅,,2024년 08월 28일 개봉,109분,,,
33,내가 죽기 일주일 전,128789,드라마,https://m.kinolights.com/title/128789,"판타지, 멜로/로맨스, 서사/드라마",2025년 04월 03일,6부작,티빙,15세 이상 시청가,한국,2025년,"좀처럼 삶에 대한 기대와 의지를 찾기 힘든 스물넷의 희완. 그녀 앞에 첫사랑 람우가 무려 6년 만에 나타났다. 그것도, 저승사자가 되어서. 게다가 람우는 희완의 죽음을 예고하며 그녀에게 남은 일주일 동안 함께 버킷리스트를 실행해 보자고 제안한다. 그렇게 일주일간의 동행...","배우들이 너무 사랑스럽고 람우와 희완이가 너무 아름다워요.. 그런데 너무 슬프고 아파요. | 원작 책 내용을 재밌게 잘 구현했다. 후반부로 갈수록 울음을 참지 못할 드라마같아서… 눈물나고,, 공명 김민하가 진짜 너무너무 사랑스럽다","공명, 김민하, 정건주, 오우리, 고창석, 서영희, 전준호, 정라엘, 심은경",티빙,,,,,
34,소방관,102311,영화,https://m.kinolights.com/title/102311,서사/드라마,,,,12세 이상 관람가,한국,2024년,"살리기 위해, 살아남기 위해 하루하루가 마지막 현장인 소방관 팀은 열악한 환경 속에서도 화재 진압과 전원 구조라는 단 하나의 목표로 의기투합한다. 어느 날, 다급하게 119 신고 전화로 홍제동에 화재가 발생했다는 긴급 상황이 접수되자 팀원들은 위기를 직감하는데…","홍제동 화재사건을 과한 연기 없이 담담하게 풀어내서 더 마음이 아팠던 영화였습니다. 영화가 끝나고도 생각이 많아지네요. 이 영화가 소방관 처우 개선의 계기가 되었으면 합니다. | 너무 슬픕니다 소방관 화이팅 | 영화적 완성도가 낮음,다큐로 만들었다면 좋았을듯함. 유료관람 가치는 낮음 | 시사회로 미리 보았는데 소방관님들의 노고가 전달되는 감동적인 영화였습니다 대한민국 소방관님들 화이팅입니다!! | 영화 소방관 무대인사 시사회 후기 올립니다. | 너무 화가나고 답답하고 .. 먹먹하고 눈물이 멈추질 않았아요~ 제발 다시는 이런 일이 발생되지 않길 바랍니다. 생명을 구하기위해 본인들의 목숨을 내던지는 분들입니다 . | 억지눈물을강요하지않고 담배한 영화여서좋았다 그러니자연스럽게.영화에녹여들었고 화재장면은 cg가아닌것처럼 너무리얼해서 메이킹을보고싶게만듬. 다양성의영화가나와 좋음 | 장갑 에피소드는 진짜 있는 얘기를 찍은거 아닌가.. 행정에 진짜 분노가 끓는다. 영화 내내 어찌나 눈물이 났는지..ㅜㅜ | 시사회로 미리 보았습니다. 실화바탕이다보니 몰입감은 좋았습니다.처우가 많이 개선되었다곤 하지만 아직도 있는걸로 아는데 더 개선되길 바라고 흥하길 바랍니다. | 영화볼때 보통 팝콘 다 먹는데요... 손이 계속 팝콘이 아닌 가슴으로 가더라고요 8년만에 영화보면서 울었어요ㅠㅠ 모든 소방관님들 감사합니다.","주원, 곽도원, 유재명, 이유영, 김민재, 오대환, 이준혁, 장영남, 김한솔",,2024년 12월 04일 개봉,106분,,,
35,나 혼자만 레벨업,125161,애니메이션,https://m.kinolights.com/title/125161,판타지,2024년 01월 07일,12부작,"애니맥스, 애니플러스, TOKYO MX",19세 이상 시청가,일본,2024년,다른 차원과 이쪽 세계를 이어주는 통로인 '게이트'가 갑자기 발생한 뒤 10년. 세계에는 '헌터'라고 불리는 초인적인 힘에 각성한 사람들이 출현했다. 헌터는 게이트 안의 던전을 공략하고 대가를 받는 것을 생업으로 하고 있는데 그런 강자들만 가득한 헌터들 중 '성진우'...,"한국 웹툰으로 가장 성공적인 애니메이션 | 원작에 충실하고 작화를 갈아넣은 액션씬이 돋보인다. 한국작품 애니화될때 저퀄인 경우가 대부분이었는데 힘 많이 줬다. 캐릭터 한국어이름, 일어이름 이중녹음하는 성의도 보였다 | 성진우!! 진격의 거인이후로 잘 챙겨 보는 애니!!!!! | 이 정도면 웹툰을 애니로 적당히 잘 바꾼 듯 | 아직 방영중이지만 전개를 너무 질질 끈다... | 소설 웹툰 다 안봤는데 이거 보고 왜 안봤었을까 후회중 너무 재밌음 | 한국어 더빙 원해요?? | 에반게리온과 고질라, MMOGPG의 소재와 장점을 잘 접목해서 마치 게임을 하듯이 스토리에 녹여낸 신박함에 빠져드게 만드네요. 아주 나약한 주인공이 점차 성장하는데 기대와 궁금! | 친구 추천으로 봣는데 짱 재밋습니다…. 취저..💓 | 일본판 이름으로 창씨개명 안당하고 기무상, 바꾸상 이러는 거 보기 좋음. 대신 좀 질질 끌어서 노잼","민승우, 심규혁, 신나리, 유영, 정재헌, 반 타이토, 나카무라 겐타, 미카와 하루나, 우에다 레이나, 히라카와 다이스케, 후루카와 마코토, 신범식, 긴가 반조, 송준석, 토우치 히로키, 한복현",,,,,俺だけレベルアップな件,
36,약한영웅 Class 2,129441,드라마,https://m.kinolights.com/title/129441,"액션, 스릴러, 서사/드라마, 범죄",,8부작,넷플릭스,19세 이상 시청가,한국,2024년,친구를 위해 폭력에 맞섰으나 끝내 지키지 못한 트라우마를 안고 은장고로 전학 간 모범생 연시은이 다시는 친구를 잃을 수 없기에 더 큰 폭력과 맞서면서 벌어지는 처절한 생존기이자 찬란한 성장담을 그린 드라마.,우리들의 기대에 미칠지..,"박지훈, 려운, 최민영, 이민재, 유수빈, 배나라, 이준영, 조정석",넷플릭스,,,,,2025년 04월 25일
37,계시록,135199,영화,https://m.kinolights.com/title/135199,"판타지, 스릴러, 미스터리, 공포(호러), 범죄",,,,15세 이상 관람가,한국,2024년,신의 계시를 받았다 믿고 실종 사건의 범인을 단죄하려는 목사와 죽은 동생의 환영에 시달리면서도 끈질기게 범인을 쫓는 형사. 어두운 현실 속 각자의 믿음을 따르는 자들의 추악한 민낯이 드러난다.,"류준열은 왜 자꾸 캐스팅이 될까 | 류준열의 어색한 목사 연기가 아쉽고, 스토리의 개연성과 극을 이끌어가는 힘도 안타깝다. | 연상호에게 또 속아버려서 슬픈 나.. | 이제 그만 좀 만들어라 연상호는 넘 막 만든다 도대체 이런 시나리오, 연출에 왜 투자가 되는지 | 최악 시간아끼세요 | 살아가며 내가 믿는 것은 무엇인가? 그 믿음의 시작에 대해 말하는 작품, 올바른 믿음은 곧 나로부터 시작된다는 걸 다시금 생각해 보게 했다 | 넷플릭스가 보살인건 확실하다. | 지루하고 지루하다. 이 지루함을 극복하고 볼만한 가치가 있나? | 계시고 뭐고.. 그냥... 하..... | 성경보다 더 이해하기 힘든 전개와 연출.","류준열, 신현빈, 신민재, 문주연, 김보민, 최광일, 이세호, 한지현, 도용구, 배윤규, 우강민, 오치운",넷플릭스,2025년 03월 21일 개봉,122분,,,
38,헤레틱,137479,영화,https://m.kinolights.com/title/137479,"스릴러, 공포(호러)",,,,15세 이상 관람가,미국,2024년,"외딴 집을 찾은 신앙심 깊은 두 소녀에게 집주인은 믿음을 뒤흔드는 이야기를 꺼낸다. 무언가 의심스럽다고 느끼는 순간, 두 소녀는 꼼짝없이 집안에 갇히게 된다. 친절했던 남자는 돌변하고, 그녀들은 살기 위해 위험한 선택을 하는데...","분위기 조성과 말장난까진 좋았는데 후반부에 와르르 무너져버린다. | 종교에 대한 궁극적인 의문을 호러 스릴러 방식으로 풀어냈다. | 자신만의 신념에 갇힌 사람은 결코 자유를 찾을 수 없다. | 신념은 나를 가두는 감옥이라는 니체의 격언을 그대로 영상화하면 이런 모습일까. 휴 그랜트의 말빨 좋은 연기는 관객마저도 현혹시킨다 | 종교 논리를 구구절절 늘여놓는 미친 광기의 불쾌함 | 8.5/종교는 물론 역사와 근현대 문화까지 섭렵한 종교 마스터이자 궤변론자이자 '통제'라는 종교의 교주이자 영업 사원이 들려주는 믿음과 종교에 관한 기괴하면서도 논리적인 궤변론. | 종종 이런 부류의 사람들을 싸워서 이기기보단 그낭 마주치고 싶지 않은 마음이 더 클 뿐. | 싸이코패스의 만행으로 마무리되는 종교에 대한 서스펜스적인 접근 | 미끼를 확 물어분 것이여 | 얄팍한 지식과 고민으로 종교에 대해 불만을 토한다면, 그저 어린아이가 찡찡대는 것에 불과하다","휴 그랜트, 소피 대처, 클로에 이스트, 줄리 린 모텐슨, 엘 맥키넌, 토퍼 그레이스, 엘 영, 헤일리 한센, 네샤 베일리, 스테파니 라빈, 웬디 고링",,2025년 04월 02일 개봉,110분,,Heretic,
39,커플팰리스 2,136458,예능,https://m.kinolights.com/title/136458,"멜로/로맨스, 서바이벌, 리얼리티",2025년 02월 05일,,"Mnet, tvN",15세 이상 시청가,한국,2025년,당신이 상상한 이상형을 만날 수 있는 곳! 싱글남녀들의 웨딩 프로젝트 <커플팰리스2>,도파민에 절여진 내 뇌에는 넘 재밌 | 어느 연애 프로그램보다 참가자들이 진심인걸 느껴진다 몇분이 그냥 얼굴한번 나오자 하는분도 있지만 진심인 분들이 프로그램완성도를 높인다,"김종국, 유세윤, 이미주, 정수미, 강바다, 미란다, 맥대디",,,,,커플팰리스,
40,괜찮아 괜찮아 괜찮아!,127067,영화,https://m.kinolights.com/title/127067,코미디,,,,12세 이상 관람가,한국,2023년,"무대 위에서 가장 행복한 무한 긍정 소녀 인영과 어쩌다 한집살이하게 된 외로운 완벽주의자 예술단 마녀감독 설아, 인영과는 일방적인 라이벌 관계인 만년 1등 예술단의 센터 나리, 1일 1고백, 사랑과 우정 그 어딘가 인영의 유일한 남사친 도윤, 말 처방과 약 처방을 동시...","뻔하지만 괜찮아, 힐링되니까! | 학생의 성격은 마치 국가가 보는 학생, 현실은 무너지고 있는 경쟁 속 한 명, 이걸 국가와 개인의 시점을 나란히 대조해보며 현재 우리에게 필요한 것을 찾으려는 노력을 한다. | “괜찮지 않아도 괜찮다고 말해주는, 마음에 처방전 같은 영화.” | 이레의 꿋꿋함이 사랑스럽고 다행스럽고 마음아프고. 어른이 아이를 돕는 방식, 좋은 어른이 곁에 있다는 의미, 사춘기의 우정의 모습등을 볼 수 있어서 좋았습니다. 강추 | 긍정 에너지와 무해한 성장스토리는 괜찮아! 근데 재미는 괜찮지 않아 ㅜㅜ | 클리셰 덩어리지만 그래도 좋다. 배우 이레의 연기가 돋보인다 | 오랜만에 모든 연령층이 함께 웃고 울며 볼수있는 알짜배기 영화가 드디어 2월26일 극장개봉한다니.! 꿈.가족애.프랜드쉽.등 많은 주제가 어우러져 있어 시간 가는줄 모르고 본 영화. | 첫 장편 데뷔작임에도 불구하고 우수한 영화였다. | 약이 필요없는 웃음 행복 바이러스의 파급효과 | 무난해도, 특별하지 않아도 괜찮아","이레, 진서연, 정수빈, 이정하, 손석구",,2025년 02월 26일 개봉,102분,,,
41,어른 김장하,118042,시사/교양,https://m.kinolights.com/title/118042,다큐멘터리,2023년 07월 10일,2부작,,모든 연령 시청가,한국,2022년,꼰대가 되는 것이 두려운 기자가 30년 전 실패한 '그 어른' 취재에 다시 도전한다. 나이 40에 사학재단을 설립하고는 고스란히 국가에 헌납한 사람. 평생 차도 없이 걸어다니고 버는 족족 남을 위해 퍼주면서도 절대 인터뷰는 하지 않는 미스테리한 한약방 주인. 부자는 부...,조명하는 분이 한없이 빛이나서 보는 내가 한없이 부끄러워지는 단점만이 있는 작품. | 시대의 어른이 삶으로 보여주는 공의. 그 경외. | 청빈하고 고고한 삶이 피워낸 이 한줄기 향기. 믿어지지 않을만큼 담백하다. | 이런 분이 존재한다는 게 놀랍고 사람이 얼마나 극과 극에 도달할 수 있는지 새삼스럽다 | 이 땅에 선생님같은 분이 더 있으리라 생각합니다. 또 더 만들어지리라 생각합니다. 나 또한 그리 살고자 애써 보겠습니다 | 이 시대의 참 어른. | 시대정신이 없는 이 세상에 참된 어른의 지표가 될 분이라 생각된다. | 스스로가 좋은 '이야기'인 사람과 그 이야기를 제대로 담아내는 사람이 만났을 때 | 왜소한 체격으로 딛는 짧은 발걸음도 이토록 커 보일 수 있다니 . . . . (이런 어른조차도 포기한 롯데는 대체.. 뭐하는 구단일까..) | 나의 상식으로는 감히 상상도 안되는 .. 이 시대의 진정한 어른 이야기에 몇번이나 감동했다,"김장하, 김주완, 문형배",,,,,,
42,이혼숙려캠프,140817,예능,https://m.kinolights.com/title/140817,리얼리티,2024년 08월 15일,,,15세 이상 시청가,한국,2024년,인생을 새로고침하기 위한 부부들의 이야기 <이혼숙려캠프>,비혼:결혼은미친짓이야. 미혼:이게결혼이라고? 기혼:우리는괜찮을지도? | 보면 화병날꺼 같은데 또 보게 되는 ... | 9기까진 잼있었으나 보다보니 오바하고 대본있는 것들이 보이는 듯,"서장훈, 박하선, 진태현",,,,,,
43,뉴토피아,126846,드라마,https://m.kinolights.com/title/126846,"액션, 판타지, 스릴러, 코미디, 멜로/로맨스, 서사/드라마",2025년 02월 07일,8부작,쿠팡플레이,19세 이상 시청가,한국,2025년,서울이 좀비 아포칼립스로 무너진다. 군인 재훈과 곰신 영주는 살아남기 위해 도심을 가로지르며 서로에게 의지한다. 하지만 도망치는 것만이 답이 아닐지도 모른다.,"진짜 지수 왜 연기하지...그것도 박정민 파트너로 하아... | 군대가 들어간 좀비물 재미 집니다 ㅎㅎㅎ | 실제로 보고 나니 예상보다 훨씬 재미있었어요. 일부 사람들은 애초에 주연 배우를 좋아하지 않아서 과하게 비판하는 것 같은 느낌이 드네요 | 지금까지 꽤 재미있어요. 의도적으로 과장된 코미디인 만큼, 오히려 지수의 연기가 잘 어울린다고 생각해요. 3화에서의 모습을 기대하고 있습니다 | 지수 연기 나쁘지 않고, 박정민은 연기 천재인듯 | 생각보다 재미있네요! | 미디어나 악의적인 편집 영상에 영향을 받지 않아서 다행이에요. 지금까지 나온 에피소드를 다 봤는데, 실제로 꽤 재미있었고 배우들의 연기도 코미디 장르에 잘 어울렸어요 | 가볍게 볼만한 작품, 좀비물인데 코미디여서 신선함 | 생각보다 훨씬 재미있었어요, 특히 2화와 4, 5화가 인상적이었어요. 개인적으로는 배우들의 연기에 특별한 문제가 있다고 생각하지 않았고, 오히려 코미디 드라마의 분위기에 맞추기 위 | 지수 연기 못하는건 팩트인데 드라마 보면서 거슬리지 않았음. 코미디가 다 그렇듯이 호불호 갈릴거 같은데, 난 취저 당함","박정민, 지수, 임성재, 김준한, 강영석, 빈찬욱, 홍서희, 김상흔, 김정진, 박광재, 저스틴 하비, 권승우, 임형국, 박강섭, 배제기, 강기둥",쿠팡플레이,,,,,
44,스타게이트,45758,영화,https://m.kinolights.com/title/45758,"액션, SF, 판타지, 어드벤처",,,,12세 이상 관람가,미국,1994년,"어느날, 이집트 사막의 한 가운데에서 신비한 원형의 인공물이 발견된다. 그 후, 고대 이집트의 피라미드 연구 전문가인 청년 학자 잭슨(Dr. Daniel Jackson: 제임스 스페이더 분)은 연구발표회를 갖지만 너무 급진전한 논리로 학계에서 인정을 받지 못한다. 그의...",어렸을때 보고 충격이었는데 다시 보니깐 재미있었음 | 내가 좋아하는 것 들만 다 모여있음 주관적 평가 불가 ;; 그냥 재밌게 볼 수 있음 ! | . | 소재는 좋은데... 완성도는 많이 떨어진다. | 미국은 국뽕에 취하면 할리우드로 가는가보다... 어릴때 볼땐 그저 재밌었지만 | 빛나는 상상력과 뛰어난 시각효과를 동시에 지닌 90년대 SF 영화의 숨은 보석 | 이것저것 성공사례를 저렴하게 짬뽕한 SF | 지구인이 무모한 건지... 무슨 일이 생길 줄 알고. | 난 그저그랬다. | 외계문명기원설의 오락액션화,"커트 러셀, 제임스 스페이더, 알렉시스 크루즈, 비브카 린드포스, 밀리 아비탈, 존 딜, 레온 리피, 카를로스 라추, 디몬 하운수, 에릭 아바리, 프렌치 스튜어트, 지아닌 로플러, 제이 데이비슨, 크리스토퍼 존 필즈",,1994년 12월 17일 개봉,121분,,Stargate,
45,지지고 볶는 여행,141447,예능,https://m.kinolights.com/title/141447,리얼리티,2025년 02월 28일,,ENA,15세 이상 시청가,한국,2025년,"지지고, 볶고, 속 끓이며 사는 것이 사랑과 인생이라는 콘셉트 아래, 세 쌍의 특별한 커플이 함께하는 단체 여행을 담아낸다.",나는솔로 애청자로서 익숙한사람들의 새로운 감정선을 시청자에게선사 즐겨 보고있읍니다,"신동, 경수진, 이세희",,,,,,
46,블랙 미러 시즌 7,142025,드라마,https://m.kinolights.com/title/142025,"SF, 판타지, 미스터리, 서사/드라마",2025년 04월 10일,,,19세 이상 시청가,영국,2025년,인간과 기술의 관계를 깊이 있게 파헤치는 시리즈. <The Guardian>으로부터 ‘삐딱한 선견지명을 보여주는 디스토피아 드라마’라는 호평을 받앗다.,"구XX 까는 내용을 넷플릭스 본진에서 볼줄이야. 1화 ""보통 사람들"" 3.5 2화 ""베트 누아르"" 3.0 3화 ""레버리 호텔"" 2.0 4화 ""장난감"" 3.0 5화 ""율로지.... | 끝까지 보기 힘들다.. 아이디어 고갈.. | 블랙 미러 시즌 7(Black Mirror Season 7) | 내가 아는 블랙미러로 돌아왔다. | '블랙미러'의 정신을 되찾은 시즌!",,,,,,,
47,언더커버 하이스쿨,135690,드라마,https://m.kinolights.com/title/135690,"액션, 코미디, 멜로/로맨스",2025년 02월 21일,12부작,MBC,15세 이상 시청가,한국,2024년,고종 황제의 사라진 금괴의 행방을 쫓기 위해 신분을 숨기고 고등학생으로 위장 잠입한 국정원 요원의 좌충우돌 N차 고딩 활약기를 그린 코믹 활극 드라마,"내용이 약간 뻔한감이 있지만.. 그래도 남주 얼굴이 개연성있기는 합니다. | 서강준 얼굴로 개연성을 만든다 | 그냥 그래요,, 유치가 없앴려고 하는데 나름 유치함 | 힌트는 힌트를 부르고, 자꾸만 꼬여져 가는 스토리는 내셔널 트레저를 닮았지만 훨씬 라이트하고 훨씬 친근하다. 적당한 긴장감에 여주와의 코믹도 부담스럽지 않다. 무난하게 재미있다. | 잊고 있었다 서강준의 미모를…….연기도 원래 이렇게 잘했었나 싶을정도로 모든걸 잊고있었다…… 아직은 흥미진진한 스토리 | 오 서강준얼굴이 다하네 연기는 말할것도 없이 잘하고 흥미진진합니다 내용이... | 서강준 얼굴이 잼있어서 그런가 보는재미가 있네요..^^ 보물섬도 나쁘지않은데 보물섬보단 더잼있는데 시청률은 좀딸리네요....강준이 공약대로 12% 꼭되길바람. | 서강준 얼굴이 개연성 | 서강준 액션 코믹 로맨스 연기 다 잘하고 극이 웃겨서 4회에 현웃 터짐ㅋㅋㅋ내 웃음버튼 | 만화 같은 판타지 드라마 였다.","서강준, 진기주, 김신록, 김민주, 윤가이, 김영아, 전배수, 조복래, 이서환, 박세현, 장성범, 이현소, 윤채빈, 김선민, 신준항, 정수현",,,,,,
48,마녀,64758,영화,https://m.kinolights.com/title/64758,"액션, 미스터리",,,,15세 이상 관람가,한국,2018년,"시설에서 수많은 이들이 죽은 의문의 사고. 그날 밤 홀로 탈출한 후 모든 기억을 잃고 살아온 고등학생 ‘자윤’ 앞에 의문의 인물들이 등장하기 시작하고, 자신이 기억하지 못하는 과거를 알고 있는 그들의 등장으로 자윤은 혼란에 휩싸이게 되는데...!","지옥에서 온 천사를 보았네 | 와~ 이반전 무엇. 이 액션 무엇. 엄지척 | 강력한 파워에 유치가 어느정도 많이 들어가 나름 소소한 영화 | 느리지만, 단호한. 박훈정의 자신감에 배팅한다. | 김다미 연기력이 너무 훌륭해서 영화관에서 놀랐던 기억…. | 박훈정감독님의 마녀 세계관의 시작. 엄청 센세이션했던 영화. 다미를 일약 스타덤으로 이끈 영화. 순수한 아기같은 얼굴로 힘과염력 모든게 갖춰진 최강캐릭터 등장의 서막을 알린 영화 | 김다미님 매력연기에 몰입되는 마녀... 계속 보아도 재밋어어ㅡ | 잔인하고 무서운 영화는 잘 못 봐서 낮은 평가. 연기는 참 좋았도 스토리도 나름 괜찮긴 했는데 내 스타일은 아닌 걸로. | 아직은 미생인 자윤의 이야기, 완생에 이르기 위한 그녀의 여정이 궁금해지는 첫 단추 | 뭔가 '이상한' 영화.","김다미, 조민수, 박희순, 최우식, 고민시, 김병옥, 최정우, 이주원, 오미희, 김하나, 정다은, 이시우, 백승철, 우민규, 현봉식",,2018년 06월 27일 개봉,126분,,,
49,중증외상센터,124151,드라마,https://m.kinolights.com/title/124151,"코미디, 서사/드라마",2025년 01월 24일,8부작,,15세 이상 시청가,한국,2023년,전장에서 단련된 최고의 외과 전문의. 세계적인 중증외상센터를 만들고자 한국에 돌아온 그가 거침없는 태도와 탁월한 실력으로 자신의 팀을 사람을 살리는 비범한 전문가들로 변모시킨다.,"다들 1편 시작부터 항문/밤톨/조폭 이런거에 항마력 안딸렸어요? 진짜요? 클리셰 너무 다 안보였어요? 안 오글거렸서요? 의리로 끝까지 보긴했다만...... 넘 쌈마이였슴 | 아는 맛이 무섭다... 늘어지는 부분 없이 깔끔한 전개가 굿 | 많이 접한 전개임에도 군더더기 없는 빠른 전개로 에피소드8편 순삭했네요! ㅋㅋ 윤경호 배우 너무 귀엽네요! 전 재밌게 봤어요! | 내생에 가장 보기힘든 메디컬물이었다 너무인위적이고 오글거려서 1화보고 포기 | 쭉 한 번에 8회까지 간 이유는 내가 한가해서일까? 드라마가 재미있어일까? 이 질문에 바로 답이 나오지 않는다. 뻔한 내용 뻔한 캐릭터이지만 나에게 환상을 주기 때문일까? | 오랜만에 넷플릭스에서 최고 쌍따봉을 눌러 보네요. | 메디컬히어로물의 근본이 될 것 같은 드라마 | 전체적으로 잘 만든 티가 남. 신파로 갈 수 있는 부분을 반 메세지 반 코미디로 간 것이 인상적 | 제대로된 메디컬 시즌 드라마 탄생~ 주지훈 배우 다작하더니 하나 제대로 터짐^^ 추영우는 옥씨부인전에 중증외상센터에 연속대박~하영은 이번에 눈도장제대로 딱 !윤경호는 역시나 윤블 | 사이다 전개가 판타지스러운 현실이지만.. 그랬으면 좋겠네. 제3의 전성기 주지훈과 신성이지만 초신성이 돼버린 추영우, 그리고 하드캐리 윤경호의 연기는 최고","주지훈, 추영우, 윤경호, 하영, 정재광, 김의성, 김원해, 김선영, 박예니, 이정인, 김충길, 윤대열, 김병철, 홍우진, 션 리차드, 김재원",넷플릭스,,,,,
50,콘클라베,138720,영화,https://m.kinolights.com/title/138720,"스릴러, 서사/드라마",,,,12세 이상 관람가,"영국, 미국",2024년,"바티칸의 비밀스러운 의식, 콘클라베. 새 교황 선출을 앞두고 유력 후보들의 추악한 비밀이 드러나며 교회는 위기에 빠진다. 로렌스 추기경은 신앙과 현실 사이에서 고뇌하며 교회의 운명을 좌우할 결정을 내려야 한다.","종교, 정치, 사회, 인종 등을 아우르는 올바름에 대한 함의 | 한 번에 3~4마리 토끼 정도는 잡은 듯한 영화 | 교황 선거 얘기가 이렇게 재밌을 이유가 있나 | 누구나 추악한 면을 가지고 있다. 그걸 잘 감추는 사람과 잘 감추지 못하는 사람, 그리고 감출 생각도 없는 사람만 있을 뿐. | 외부와 단절된 채 이상적인 교황을 뽑겠다는 건 꿈깨라는 듯 창문이 깨지고 밖은 폭탄이 터진다. | 근래 본 영화 중 제일 재미있고 의미도 있고 아름다웠는데 아카데미 각색상 하나라니 믿을 수 없어. 엔딩에 박수칠 뻔. | 2시간이 순식간에 지나갔다. 콘클라베가 정치판으로 변하는 과정과 미장센, 로렌스의 표정변화는 압권. 이번 아카데미 수상작 중 제일 즐겁게 본 영화. | 믿음은 믿음 속에서 썩어만 가고, 의심과 확인 속에서 피어난다 | 아카데미 작품상을 이 작품이 받았어야헸다 | 콘클라베","랄프 파인즈, 야첵 코먼, 루시안 므사마티, 스탠리 투치, 존 리스고, 토마스 로이블, 브라이언 F. 오바이런, 이사벨라 로셀리니, 로니 크레이머, 세르지오 카스텔리토, 조셉 마이델, 게릭 헤이건, 메라브 니니제, 투샤르 마드하브, 로리스 로디, 로무알드 안드레이 클로즈",,2025년 03월 05일 개봉,120분,,Conclave,
51,베놈: 라스트 댄스,134780,영화,https://m.kinolights.com/title/134780,"액션, SF, 스릴러",,,,15세 이상 관람가,미국,2024년,환상의 케미스트리의 에디 브록과 그의 심비오트 베놈은 그들을 노리는 정체불명 존재의 추격을 피해 같이 도망을 다니게 된다. 한편 베놈의 창조자 널은 고향 행성에서부터 그들을 찾아내기 위해 지구를 침략하고 에디와 베놈은 그동안 겪어보지 못한 최악의 위기를 맞이하게 되는데...,베놈(별 활약 없음): 라스트(아님) 댄스(왜 춤?) | I won’t forget you buddy. | 베놈 에디에게 애정을 갖고 재밌게 보긴 봤는데... 진짜 개연성은 찾아볼래야 찾을수가없음... 원래 베놈시리즈에 개연성은 없긴했지만 하... | 이야기의 흐름이 뜬금없을 때가 많지만.. 그래도 나는 베놈이 그냥 좋다. 그것 또한 베놈의 매력이니까! 귀엽고 매력 넘치는 널 당연히 나는 잊지 않을 거야.😆 | 불필요한 상황과 끼워 맞춘 설정과 정신 나간 전개에 얼척없이 고통 받는 베놈 타이틀의 최종장? | 1편의 베놈은 어디로?? | 정말 베놈다운 마무리. 개연성 개나 준 C급 영화 | 재밌다 그런데 결말은 좀 바꿔주라 | 좋은 포인트들이 곳곳에 숨어있는 의외로 괜찮았던 영화 | 아 쓰레기네 이거 누가 시나리오 썼냐 정말 더 마블스 급이다,"톰 하디, 치웨텔 에지오포, 주노 템플, 리스 이판, 페기 루, 알라나 우바치, 스티븐 그레이엄, 클라크 바코, 할라 핀리, 브룩 카터, 이보 낸디, 앤디 서키스, 오티스 윈스턴, 크리스토 페르난데스",,2024년 10월 23일 개봉,108분,,Venom: The Last Dance,
52,빌런의 나라,140867,드라마,https://m.kinolights.com/title/140867,"코미디, 서사/드라마",2025년 03월 19일,24부작,KBS 2TV,15세 이상 시청가,한국,2025년,K-줌마 자매와 똘끼 충만 가족들의 때론 거칠면서도 때론 따뜻한 일상을 담은 시추에이션 코미디 드라마,생각없이 편하게 보면서 웃는 드라마에요~~은근 잼있어요~~~ㅎㅎㅎㅎㅎㅎㅎ,"오나라, 소유진, 서현철, 송진우, 박영규, 최예나, 한성민, 정민규, 은찬",,,,,,
53,소년의 시간,141668,드라마,https://m.kinolights.com/title/141668,"스릴러, 서사/드라마, 범죄",,4부작,넷플릭스,15세 이상 시청가,영국,2025년,"13세 소년이 반 친구를 살해한 혐의를 받았을 때, 그의 가족, 치료사, 사건을 담당한 형사는 모두 무슨 일이 실제로 일어났는지 의문을 품게 되었다.","“우리 아이는 방에만 있어서 아무일 없을 줄 알았어요”라고 말할 수 있는 시대는 이미 한참 전에 지나갔다. | 한시간 원 테이크 샷이 좋은 화가 있고 안좋은 화가 있습니다. 신기하고, 몰입감이 유지되어 좋습니다. | 아빠 역 연기자 분 짠하네요. | 원테이크 촬영처럼 인생은 편집이 아닌 연속적인 순간들의 모음집이다 | 에피소드마다 고유의 냄새로 시작한다. 1회 사과, 2회 구토 양배추 자위가 섞인 냄새, 3회 마시멜로 가득 올린 핫초코, 4회 50살 생일맞이 성대한 아침메뉴. | 주제는 매우 의미있고 필요한 담론이라고 생각하지만, 그리 재미는 없다. 원테이크도 연극을 좋아하는 영국 특성인것 같은데, 지루하고 화면이 어지럽게 느껴진다. | 원테이크로 찍었다는 것에 대한 호기심으로 시작했다가 묵직하게 누르는 스토리에 깊생하게 된다 | 원테이크 신선하고 몰입감이 좋았지만 화면이 어지러워ㅠㅠ 부자 연기 너무 좋았지만 보는 내내 기분이 썩 좋지않아 | 이런 세상에서 아이들을 어떻게 길러낼 것인가, 어떻게 지켜낼 것인가. | 보고 나서 여운이 길게 남았다","애슐리 월터스, 오웬 쿠퍼, 스티븐 그레이엄, 페이 마르세이, 크리스틴 트레마코, 에린 도허티, 조 하트리, 오스틴 헤인스, 아멜리 피스, 마크 스탠리, 해나 월터스, 더글러스 러셀, 멜리사 존스, 페이 맥키버, 네일 벨, 코너 캘런드",,,,,Adolescence,
54,히든 페이스,102302,영화,https://m.kinolights.com/title/102302,"멜로/로맨스, 서사/드라마",,,,청소년 관람불가,한국,2022년,"지휘자 성진이 이끄는 오케스트라의 첼리스트이자 약혼녀 수연이 어느 날 영상 편지만을 남겨둔 채 자취를 감춘다. 성진은 수연을 잃은 상실감에 고통스러워하지만, 그녀를 대신한 첼리스트 미주에게 강한 끌림을 느낀다. 비 오는 밤, 서로의 욕망에 휩쓸린 성진과 미주는 수연의 ...","각자의 욕망의 발견된 그곳. 서로 행복하면 된거야. 원작 보더 더 나아간 반전에서..'헉'. 한국 상업영화에서 보기 드문 서사. | 몰입도최고 | 자극이라는 벽 속에 갇혀버린 주제의식 | 긴장감 빠진 스릴러잖아! 이게 뭔 영화야? 보고 싶지도 않은 정사씬이 너무 길어! | 박지현과 조여정의 선후배없는 연기배틀 (송승헌은 늘 그렇듯 아쉬워) | 동성애 영화네요!~~~~ | 두 여배우 연기 외에는 별로. 웬 731부대 설명까지. 비쥬얼도 인간중독만 못 함. | 어저께 시사회에서 봤습니다. 넷플에서 원작도 봤는데 원작보다 구성이 매끄럽고, 각색이 잘 된 느낌이었습니다. 수위는 높지만 예쁘게 보여져서 괜찮았습니다. 마지막 의외의 결말! | 의외로 몰입도 높은 에로틱 스릴러. 박지현의 강렬한 연기 | 원작과 전혀 다른 장르로 제작한 건 좋은데, 심각한 졸작이 되어버렸네?","송승헌, 조여정, 박지현, 박지영, 박성근, 변중희, 주예린, 윤세웅, 심우성, 차미경",,2024년 11월 20일 개봉,115분,,,
55,라스트 마일,129786,영화,https://m.kinolights.com/title/129786,"액션, 스릴러, 범죄",,,,12세 이상 관람가,일본,2024년,세계 최대 쇼핑 사이트 Daily Fast에서 배송된 택배를 통한 의문의 연쇄 폭탄 테러와 이에 맞선 사람들의 사투를 그린 논스톱 서스펜스 스릴러,"영화로서는 아쉬움이 많았고 두 드라마의 팬으로는 반가웠다. 그러나 이건 드라마가 아닌 영화여야 한다. 결국 노기 아키코와 츠카하라 아유코도 일본 영화 산업의 한계는 어쩔 수 없나. | 라스트마일 시사회 리뷰 | 돈보다 사람을 먼저 생각해보라는 메시지가 담긴 영화!! | 평범한 사람들이 세상을 구하는 이야기가 보고 싶다면 | 갑자기 확 졸린다 카메오들은 왜 이리 많이 쓴거지 | 우리는 모두 노동자이니, 따뜻한 마음으로 연대하자. | 풍자는 의도는 알겠으나 연출이 매끄럽지 못 하고 연기도 부족함 | 모두가 죽어나가도 택배는 멈추지 않는다 | 출연진의 분량은 많지 않았지만 언내추럴과 MIU404 팬이라면 반가울 영화. 그리고 우리가 주문한 상품이 배송되기위해 유통업체에서 얼마나 많은 인력들을 갈아넣었는지 생각하게 됨. | 가전제품은 비싸도 좋은 걸 써라","미츠시마 히카리, 오카다 마사키, 아베 사다오, 이시하라 사토미, 딘 후지오카, 히노 쇼헤이, 우노 쇼헤이, 오오쿠라 코지, 사코 요시, 안도 타마에, 마루야마 토모미, 아야노 고, 이우라 아라타, 호시노 겐, 쿠보타 마사타카, 하시모토 준",,2025년 03월 26일 개봉,128분,,ラストマイル,
56,A MINECRAFT MOVIE 마인크래프트 무비,139801,영화,https://m.kinolights.com/title/139801,"판타지, 어드벤처, 코미디",,,,12세 이상 관람가,"미국, 스웨덴",2025년,왕년의 게임 챔피언이었지만 지금은 폐업 직전의 게임샵 주인이 된 개릿과 엄마를 잃고 낯선 동네로 이사 온 남매 헨리와 나탈리 그리고 그들을 돕는 부동산 중개업자 던. 이들은 개릿이 수집한 큐브가 내뿜는 신비한 빛을 따라가다 어느 폐광 속에 열린 포털을 통해 미지의 공간...,,"제이슨 모모아, 잭 블랙, 다니엘 브룩스, 엠마 마이어스, 세바스찬 유진 한센, 제니퍼 쿨리지, 맷 베리, 케이트 맥키넌",,,100분,2025년 04월 26일 개봉,A Minecraft Movie,
57,길바닥 밥장사,139998,예능,https://m.kinolights.com/title/139998,"버라이어티, 리얼리티",2025년 04월 08일,,JTBC,15세 이상 시청가,한국,2025년,국민 레시피 류수영 X 미슐랭 셰프 파브리가 스페인 길바닥에 떴다! 벽도 지붕도 없는 움직이는 주방 ’푸드바이크‘를 타고 펼치는 한식 신대륙 개척기,편집으로 불협화음을 강조하는것도 능력인가 싶다.,"류수영, 이태리 파브리, 황광희, 전소미, 신현지, 배인혁",,,,,,
58,백수아파트,140192,영화,https://m.kinolights.com/title/140192,"미스터리, 코미디, 서사/드라마",,,,12세 이상 관람가,한국,2024년,"아침부터 저녁까지 조카와 함께 동네의 모든 민원을 나서서 처리하는 오지라퍼 백수 거울은 동생 두온과 다투고 반강제적으로 독립한다. 묻지도 따지지도 않고 입주한 백세아파트에서의 첫날 밤 새벽 4시 알 수 없는 소리에 잠을 설친 거울은 아파트 주민인 경석과 지원, 샛별을 ...","“층간소음처럼 스며드는 긴장감, 웃음과 스릴이 교차하는 의외의 한 방!” | 편안하게 즐길 수 있는 가족 코미디 영화 무해한 웃음으로 마무리할 수 있어 가족과 함께 봐도 좋은 영화 | 역시 가장 무서운건 동네에 시간남고 심심한 오지라퍼. 재미있게 봤어요 | 한가한 백수더라도 정의구현하는 용사가 될수있다.. 이런 백수는 ㅇㅈ한다. 근데 이상하게 주인공이 크게 매력적이지 않았다.. 무난하게 볼만한 한국영화. 한미녀 나와서 새삼 반가웠다. | 세상에서 제일 무서운 것은 백수. | 층간 소음 이슈와 불의를 참지 않는 주인공이 만난 유쾌한 시너지 | 개봉 첫주에 본 영화.. 배우들의 연기가 괜찮았고 어느정도의 화끈함도 있긴 했다 | 아빠가 아들만 챙기고 딸래미에 대한 언급이 없을때 알아봤다.. 저예산 영화라도 이런 영화 좋다 | 제법이네 이 영화 | 무심한 시대, 신경 켜고 살아가는 일의 우연과 기적","경수진, 고규필, 이지훈, 김주령, 최유정, 정희태, 박정학, 차우진, 배재영, 박현영, 김세아, 허준석, 김찬형",,2025년 02월 26일 개봉,97분,,,
59,기동전사 건담 지쿠악스 비기닝,141571,"영화, 애니메이션",https://m.kinolights.com/title/141571,"액션, SF, 어드벤처, 서사/드라마, 애니메이션",,,,12세 이상 관람가,일본,2025년,고등학생 아마테 유즈리하는 우주 공간에 떠다니는 우주 식민지에서 평화롭게 살고 있습니다. 하지만 전쟁 난민인 냐안을 만나게 되면서 아마테는 클랜 배틀이라는 불법 기동복 결투 스포츠에 빠져들게 됩니다. 기동복 건담 GQuuuuuuuX의 첫 몇 에피소드를 연극적으로 편집한...,"건담의 더 화려한 연출이 보고 싶었다 | 미소녀와 건담, 쿨하고 모던한 연출. 캐치한 스타일로 그려낸 “기동전사 건담” | '건담의 뉴,뉴,뉴,뉴,뉴비모집 영화' | 이전 새대와 신 새대들을 한꺼번에 사로 잡는 법을 안노는 이미 알고 있었다 | 본방사수하겠습니다!! | 본편은 우주세기 분위기는 아니지만 우주세기 팬들과 연결을 하기 위한 연결 시도는 칭찬할만 하다","쿠로사와 토모요, 이시카와 유이, 츠치야 신바, 이세 마리야, 도쿠모토 유키토시, 에치고야 고스케, 치바 쇼야, 쿠기미야 리에, 나가노 유우스케, 카와다 신지, 야마시타 세이이치로, 후지타 아카네, 신 유키, 고토 코우스케, 타케다 타이치",,2025년 04월 02일 개봉,81분,,機動戦士Gundam GQuuuuuuX Beginning,
60,서브스턴스,133258,영화,https://m.kinolights.com/title/133258,"스릴러, 서사/드라마, 공포(호러)",,,,청소년 관람불가,"영국, 미국",2024년,"할리우드의 몰락한 스타, 엘리자베스. 50세 생일날 해고당하고 절망에 빠진 그녀에게 신비한 약물 '서브스턴스'가 주어진다. 젊고 아름다운 '수'로 변신한 엘리자베스. 하지만 이 변신의 대가는 상상을 초월한다. 젊음과 성공을 향한 광기 어린 욕망이 그녀를 파멸의 길로 이...","부위별로 나눠서 품평하고, 오래되면 신선하지 않다고 버려진다면 인간은 한낱 고깃덩어리와 다를 바 없다 | 찬란하고 기괴하며, 역겨우면서도 아름다운 영화. 씨발. | 영화 서브스턴스 뜻 정보 출연진 관람평점 줄거리 리뷰 결말 후기 스포 쿠키 외모지상주의를 신랄하게 비판하는 하드고어 영화추천 | 다 좋은데 마지막에 분수쇼는 좀... | 자신의 모든 걸 싫어해 본 사람들에게 바치는 영화 | 친절히 뇌뚜껑을 직접 열고 쑤셔 넣어주는 메시지. | 미디어에 의해 극단적으로 요구되는 아름다움에 대한 잔혹하고도 슬픈 풍자 | 외모보다는내면의아름다움이중요하다 | 롤코탔는데 내려주지않음 영원히","데미 무어, 마가렛 퀄리, 데니스 퀘이드, 고어 애브람스, 휴고 디에고 가르시아, 오스카 르사쥬, 조셉 발데라마, 고어 애브람스, 매튜 겍지, 알렉산드라 바튼, 필립 쉬우러, 다니엘 나이트, 올리비에 레이날, 티파니 호프스테터, 로빈 그리어, 톰 모튼",,2024년 12월 11일 개봉,140분,,The Substance,
61,백설공주,114868,영화,https://m.kinolights.com/title/114868,"판타지, 어드벤처, 뮤지컬, 멜로/로맨스",,,,전체 관람가,미국,2024년,"눈보라가 몰아치던 겨울 밤 태어난 백설공주. 온정이 넘치던 왕국에서 모두의 사랑을 받았지만, 강력한 어둠의 힘으로 왕국을 빼앗은 여왕의 위협에 숲으로 도망친다. 마법의 숲에서 간신히 살아남은 백설공주는 신비로운 일곱 광부들과 만나게 되며 새로운 세상을 마주하고, 마음속...","내면의 아름다움을 노래하면서 존잘 남주는 포기못하는 위선. | 진심도 담겨있지않은 공식처럼 찍어낸 영화를 돈내고 본다는것은 정말 슬픈일이다. 새로운것 하나 없는 PC강박주의. 공식에 맞춰 스토리도 우겨 넣어 재미도 없다. 뮤지컬씬은 괜찮다. | 자기객관화도 안 되는 주제에 세상에 귀 기울이는 척 주책을 떨고 주관적인 척 유세 떨고 치장하기 바빠 설득력이 없는 얄팍한 결과물이었다. | 스토리 이게 맞아여? | 사람은 다이이몬드를 꿈꾸지만, 결국 장미를 안고 운다. — fairest한 자에 대한 21세기의 해석. | 재미없을 수 없는 내용으로 재미없게 만드는 것도 능력이지 않을까? 백번 양보해서 시대에 따라 포장지는 바뀐다고 치더라도 영화자체가 지루하고 재미가 없다. | pc가 디즈니를 망치고있다. 원작이 있는 작품을 왜이렇게까지 하는지 이해가 안된다 pc를 하고 싶으면 세작품을 만들어라고 | 백설공주의 피부색이 문제가 아니라 매력적이지 못 한 외모와 설정 때문에 욕을 더 먹는 느낌을 받았다. 악당인 여왕이 나올 때 더 재미있다니... | 비슷하다고 눈썰매장을 스키장이라 부를수는 없는거다 | 하도 스토리를 짓이겨놔서 이제는 여왕이 백설공주를 왜 해치려 하는지도 잘 모르겠다","레이첼 지글러, 갤 가돗, 앤드류 버냅, 마틴 클레바, 제레미 스위프트, 제이슨 크라비츠, 조지 살라자르, 타이터스 버지스, 앤디 그로텔루센, 앤드루 바스 펠드먼, 에밀리아 포셰, 하들리 프레이저, 로레나 안드레아, 패트릭 페이지, 안수 카비아, 조지 애플비",,2025년 03월 19일 개봉,109분,,Snow White,
62,타이타닉,14043,영화,https://m.kinolights.com/title/14043,"멜로/로맨스, 서사/드라마",,,,15세 이상 관람가,미국,1997년,"우연한 기회로 티켓을 구해 타이타닉호에 올라탄 자유로운 영혼을 가진 화가 ‘잭’(레오나르도 디카프리오)은막강한 재력의 약혼자와 함께 1등실에 승선한 ‘로즈’(케이트 윈슬렛)에게 한눈에 반한다. 진실한 사랑을 꿈꾸던 ‘로즈’ 또한 생애 처음 황홀한 감정에 휩싸이고, 둘은...","일요일 낮 세상에서 가장 편한 자세로 티비를 보다가 우연히 중간부터 감상해도 인생 영화로 등극할 수 있는 유일무이한 작품 | 매번 볼때마다 감동이 밀려드는 작품 | 디카프리오의 전성기 | 한번쯤은 영화관에서 다시 보고 싶은 영화 | 로맨스란 이런것이다. | 최고의 작품 볼때마다 눈을 흘리며 보게되는 영화입니다 스토리에 음악까지 완벽 !! | 우리는 흔히 영화를 종합 예술이라고 말한다. 그렇기 때문에, 영화는 단 한 가지로 평가할 수 없다. 그리고 <타이타닉>은 모든 부분에서 뛰어나다. 주연부터 조연까지 모두가 연기 ... | 이토록 완벽한 영화라니👍 디카프리오의 리즈 시절을 볼 수 있어서 행복 | 인생 영화. 레오나르도 디카프리오. 크- | 웅장한 바다씬과 바다위에표류되며 잭이름을말하는장면으누잊지못한다","레오나르도 디카프리오, 케이트 윈슬렛, 빌리 제인, 캐시 베이츠, 프란시스 피셔, 대니 누치, 글로리아 스튜어트, 버나드 힐, 조나단 하이드, 빅터 가버, 데이비드 워너, 수지 에이미스, 빌 팩스톤, 루이스 아버너디, 니콜라스 카스콘, 제이슨 배리",,"2023년 02월 08일 재개봉
1998년 02월 20일 개봉",195분,,Titanic,
63,노보케인,139552,영화,https://m.kinolights.com/title/139552,"액션, 스릴러, 코미디",,,,청소년 관람불가,미국,2025년,"모든 것이 평범 그 자체! 그러나 단 한가지 비범한 능력을 지닌 네이선, 칼에 찔리고, 총에 맞고, 불에 데여도 통증을 전혀 느끼지 못하는 그가 사랑하는 여자 셰리를 구하기 위해 펼치는 신개념 논스톱 無통 액션 영화","No Pain, No Love (고통이 없으면, 사랑도 없다) | 보는 내 손이 다 아프다 | 이런게 팝콘무비지~!! 하면서 즐겨보기엔 잔인했지만 ㅋㅋ 재밌게 본 영화 | 무빙 차기작에 류승룡 파트너로 나와도 되겠는데.. | 내 몸이 다 아픈 느낌이지만 적당하게 즐겼다 | 참신한 설정이 그저 그런 액션 코미디물로 낭비되었다. | 노보케인 마취제같은 주인공의 무통각증액션이 너무 좋았어요 | 이 정도면 안 죽는게 용하다 | 사실 스토리는 별거 없는데 고통을 느끼지 못한다는 주인공의 특이한 설정 때문에 재밌음 ㅋㅋ 비록 그 고통들을 관객들이 몸소 느껴야만 하지만.. 킬링타임용 액션 코미디 팝콘무비! | 상처는 안 아픈데 사랑은 좀 아플걸?","잭 퀘이드, 엠버 미드썬더, 제이콥 배덜런, 베티 가브리엘, 맷 월쉬, 레이 니콜슨, 에반 헹스트, 콘래드 켐프, 크레이그 잭슨, 루 비티 주니어, 가스 콜린스, 트리스탄 드 비어, 제시카 스탠리",,2025년 03월 12일 개봉,110분,,Novocaine,
64,럭키 원,36720,영화,https://m.kinolights.com/title/36720,"미스터리, 멜로/로맨스, 서사/드라마",,,,15세 이상 관람가,미국,2012년,"미 해군 출신의 로건 타이볼트는 이라크에서 군 복무 중, 먼지에 반쯤 묻힌 사진에서 미소 짓는 여인을 발견한다. 그는 사진의 주인을 찾아 주려 하지만 아무도 사진을 찾는 이는 없다. 그는 하는 수없이 사진을 지니고 다니는데, 그때부터 그에게 놀라운 행운이 깃들기 시작한...","운명과 사랑의 모태를 극적으로 그려내는 건 좋지만, 밝음과 어두움이 지나치게 신파적이다. 차라리 TV 연속극이라면 이해될 거 같다. | 영화 자체의 떨어지는 재미를 소소한 매력으로 받쳐낸다.","잭 에프론, 테일러 쉴링, 라일리 토머스 스튜어트, 블리드 대너, 제이 R. 퍼거슨, 아담 르페브리, 블리드 대너, 조 크레스트, 질리안 배서슨, 샤론 콘리, 러셀 더햄 코메기스, 더글러스 M. 그리핀, 리치 몽고메리, 로버트 헤이스",,,101분,,The Lucky One,
65,2반 이희수,142300,드라마,https://m.kinolights.com/title/142300,"멜로/로맨스, 서사/드라마",2025년 03월 08일,10부작,헤븐리,12세 이상 시청가,한국,2025년,사랑도 우정도 쉬운 게 하나 없는 K-고딩 희수의 파란만장 청춘 성장 로맨스!,,"안지호, 조준영, 김도연, 이상준",,,,,,
66,플로우,133860,"영화, 애니메이션",https://m.kinolights.com/title/133860,"판타지, 어드벤처, 애니메이션",,,,전체 관람가,"벨기에, 라트비아, 프랑스",2024년,"대홍수가 덮친 직후 지구의 어느 곳. 고양이, 래브라도, 여우원숭이와 같은 여러 동물이 표류하는 배에서 함께 살게 된다.","자꾸 고양이가 물에 빠지고요. 여우원숭이는 물건 줍고요. 카피바라는 의젓하고요. 래브라도는 귀여워요. 새가 드라이브 마이 보트를 해요. - 29th BIFF | 우리 역시 지구에 사는 동물 중 하나일 뿐이라는 것을, 지구의 모든 생물은 한 배에 타고 있음을 잊지 말자 | 물처럼 밀려오는 시련 따위, 흐름에 몸을 맡기고 야옹 | 물과 기름과 같은 관계였지만 그들도 흘러간다 함께. | 대사 한 줄 없이 마음을 뒤흔드는 동물들의 표류기 | 대사한마디 없어도 이렇게 아름다운 영화가 만들어지나 싶어요! 동물들의 연기(?)가 너무나 재밌고 마음에 와닿아서 아카데미상을 받은 이유를 알것같습니다! | 지도없이 시작한 부유(浮遊)한 여정 속 알 수 없는 만남과 오해의 연속은 어느 순간 고독을 잊게한 소중한 인연이었음을 마침내 깨닫던 모든 이들의 필연적 항해일지. | 뻔한요구의 감동같지만 알면서도 박수칩니다. | 동물들을 통해 은유한 세상의 축소판 | 뭔가 시점 때문인가 멀미가 느껴지네요 멀미 잘 느끼시는 분들은 멀미약 먹고 보세요",,,2025년 03월 19일 개봉,83분,,Straume,
67,퇴마록,131797,"영화, 애니메이션",https://m.kinolights.com/title/131797,"액션, 판타지, 스릴러, 미스터리, 공포(호러)",,,,12세 이상 관람가,한국,2024년,"수백 년간 은거하던 해동밀교의 145대 교주가 생명을 제물로 바쳐 절대 악(惡)의 힘을 얻기 위한 의식을 시작한다. 해동밀교의 다섯 호법들은 그를 막기 위해 힘을 보태줄 새로운 인물을 찾아나서고, 파문 당한 신부 박윤규, 무공을 위해 밀교를 찾은 현암, 사건의 중심에 ...","매년 <퇴마록> 시리즈의 극장 개봉 소식을 듣고 싶다 | 원작을 안 읽고 영화를 봤는데 왜 원작이 1000만부나 팔렸는지 알것 같아요! 진짜 굳이 아쉬운점 한 개 뽑으면 러닝타임이 조금 짧은것 같아요😅 | 원조 K-오컬트, '전설의 부활' | 지금보다 더 잘 되어야 하는 시금석 | 전설의 톼마록이 제대로 부활했네요~ 흥행 잘 되서 퇴마록 시리즈로 속편 연속 만들어지길 | 기억 속에 희미해졌지만 영화를 보는 순간 다시 살아나는 기억에 감동도 같이 살아났다. | 볼만했다. 퇴마록을 처음 접해봐서 크게 감흥은 없었다. 속편은 나오면 볼 것이다. | 캐릭터 디자인과 애니메이션은 좋았으나, 서교주와의 싸움까지의 빌드업이 부족했다고 생각했다. 그리고 호법들이 너무 간단히 죽어나간게 개인적으로 많이 아쉬웠다. 다음편이 기대된다. | 이렇게 스타일리쉬한 국산 애니 무비라니… 심장이 뜨거워집니다. 퇴마록 소설 원작이니 스토리 탄탄한 건 말 할 것도 없구요. 속편도 조속히 주세요. | 2편 빨리 줘요 현기증 나요","남도형, 최한, 정유정, 김연우, 홍승효, 황창영, 김민주, 표영재",,2025년 02월 21일 개봉,85분,,,
68,리얼,1616,영화,https://m.kinolights.com/title/1616,액션,,,,청소년 관람불가,한국,2016년,"카지노 ‘시에스타’ 오픈을 앞둔 조직의 보스 장태영 앞에 암흑가 대부 조원근이 카지노의 소유권을 주장하며 나타난다. 조원근의 개입으로 카지노를 빼앗길 위기에 처한 장태영은 자금 문제를 해결하기 위해 투자자를 찾아 나선다. 어느 날, 이름뿐만 아니라 생김새마저 똑같은 ...",이 영화를 이해할려면 몇년이 걸릴 까요? | 어라 0점은 못 주네. | 이 촬영물을 보고 온 내가 리얼이었다. | Nice Try K-Diddy | 이건 뭐 찾아가서 줘 팰 수도 없고 으~~~~~~ | 115억 원짜리 똥 | 친구들과 다같이 뭐 이런 영화가 다 있냐? 하는 목적으로 보는거외에는 볼 일이 절대 없을 영화 대다수 사람들이 보지 말라고 하는데에는 다 이유가 있다 왜 있는지 모를 장면이 가득함 | 별 반개도 아까운 최악의 영화 | 0.5 | 연출 경험도 없는 형을 꽂아넣은 김수현. 한국영화의 민낯.,"김수현, 이성민, 성동일, 설리, 조우진, 김홍파, 정인겸, 최권, 한지은, 김선아, 고규필, 아이유",,2017년 06월 28일 개봉,137분,,,
69,미션 임파서블: 폴아웃,64792,영화,https://m.kinolights.com/title/64792,"액션, 스릴러, 어드벤처",,,,15세 이상 관람가,"미국, 중국, 프랑스, 노르웨이, 영국",2018년,"전 세계 최강의 스파이 기관 IMF의 최고 요원 에단 헌트와 그의 팀은 테러조직의 핵무기 소지를 막기 위해 미션에 착수한다. 에단 헌트는 작전 수행 중 예상치 못한 결단을 내리게 되고, 중앙정보국 CIA는 그를 견제하기 위해 상급 요원 어거스트 워커를 파견한다. 최악의...","[미션 임파서블: 폴아웃] 에단 헌트와 톰 크루즈의 동일시 | 톰크루즈 연봉받는 이유 있다 | 톰 아저씨는 여전히 멋있다 | 한줄평 - 이젠 반박의 여지 없이 최고의 첩보영화 시리즈 | 시리즈의 매력을 최대로 끌어올리다 | 아니 어떻게 시리즈가 이거만 해도 얼마나 많이 나왔는데 액션이 새롭고 스토리고 신선하며 지루할 틈이 없는 전개가 나올 수 있는지 감독님에게 여쭤보고 싶네요. | 기대할 수 있는 재미를 주는 스파이 액션 | 지속적인 반복의 이야기이지만 그런대로 볼만. 개연성은 AI에 맡겨버렸어. | 시리즈 최고 수준의 각본과 더불어 액션이란 액션은 전부 다 하는, 그야말로 '익사이팅'한 영화적 체험. | 6편까지 왔는데 시리즈가 거듭될수록 점점 더 재밌어지는 보기 드문 시리즈","톰 크루즈, 헨리 카빌, 사이먼 페그, 레베카 퍼거슨, 빙 라메스, 안젤라 바셋, 숀 해리스, 알렉 볼드윈, 바네사 커비, 미셸 모나한, 웨스 벤틀리, 프레드릭 슈미트, 리앙 양, 크리스토퍼 요너, 알릭스 베네제흐",,2018년 07월 25일 개봉,147분,,Mission: Impossible - Fallout,
70,무빙,116880,드라마,https://m.kinolights.com/title/116880,"액션, SF, 스릴러, 서사/드라마",2023년 08월 09일,20부작,디즈니+,19세 이상 시청가,한국,2023년,"초능력을 숨긴 채 현재를 살아가는 아이들과, 과거의 아픈 비밀을 숨긴 채 살아온 부모들이 시대와 세대를 넘어 닥치는 거대한 위험에 함께 맞서는 초능력 액션 히어로물.","대한민국 최고의 스토리텔러가 디즈니의 자본력을 만났을 때 | 조금 다르고 특별할 뿐이야 | 한국도 엑스맨 같은거 만들 수 있었어!! | 나에게는 어떤 능력이 좋을까나 | 스토리, 연출 뭐 하나 빠지는 데가 없다. 한번만 봐서는 아쉬운 드라마. n차 정주행해야만 한다! | 한국형 히어로물이 드디어 성공하는 것 같아서 기쁘다 그 시작이 무빙이라 원작팬으로서 너무 좋음. 각색을 원작자인 강풀님이 해주신게 신의 한수. 배우들의 연기도 맘에 든다 | 드디어 강풀 원작을 실사화에 성공했다 한국판 히어로물, 연기 액션 CG 모든게 완벽하다 | 이틀만에 정주행 완료 넘 재밌게 봤다 | 웹툰을 보지 않고 봤기에 소재가 더 흥미롭게 느껴졌고 각 역할별 스토리도 잘 풀어나갔던 것 같다. 배우들이 각자의 역할을 너무 잘 소화한 듯. 귀여운 봉석이^^ | 풋풋한 청춘물에 초능력이 결합해 멋진 스파이물이 탄생했다. 훌륭한 원작을 1%도 아깝지 않게 만들어준 작품.","류승룡, 한효주, 조인성, 차태현, 류승범, 김성균, 김희원, 문성근, 이정하, 고윤정, 김도훈, 양동근, 박병은, 곽선영, 김신록, 신재휘",디즈니+,,,,,
71,핸섬가이즈,88702,영화,https://m.kinolights.com/title/88702,코미디,,,,15세 이상 관람가,한국,2020년,"자칭 터프가이 재필과 섹시가이 상구 현실은 잊지 못할 첫인상으로 이사 첫날부터 동네 경찰 최 소장과 남 순경의 특별 감시 대상이 되지만, 꿈꾸던 유럽풍 드림하우스에서 새출발 한다는 것에 그저 행복하기만 하다. 그러나 행복도 잠시, 물에 빠질 뻔한 미나를 구해주려다 오히...","사람이 죽는데 웃고있어요 | 그래. 코미디영화는 그냥 웃기기만 하면 되는거다. 어줍잖게 교훈, 감동 같은거 넣을거 없이 그냥 웃기게만 만들면 되는거다. 같이 보러간 사람이랑 영화보고 즐거우면 된거니까. | 이희준 진짜 ㅋㅋㅋㅋ귀엽고 웃기고 멋있고 섹시하고 매력적인건 자기가 다 함 ㅋㅋㅋㅋ 진짜 미치겠음 | 어떤 내용이냐고 물으면 뭐라고 해줘야할지 모르겠는데 개애애애애애웃기고 잔인하고 사람이 죽는데 웃고 있는 이상한 영화 🤣🤣 오늘의 교훈: 영어공부를 하자 (?) | B급 코미디물을 아주 좋아라 하진 않지만 적어도 내 취향은 아니었던 걸로.. 웃긴 웃었는데 어이가 없어서 웃은 기억이 더 많음. 좀 킹받게 웃기는 작품인듯 배우들 연기는 좋았다 | 비싼돈내고 중간에 나와보긴 첨이다. 이것도 영화냐 | '킬링 로맨스'와 '죽지 않는 인간들의 밤'의 상위 호환ㅋㅋㅋㅋㅋㅋㅋㅋㅋㅋㅋ | 원작이 있긴 한데, 이렇게 한국 상업 영화 보면서 웃음 터진 시사회는 좀 오랜만이라 반가운 B급 호러 코미디 | 이게 왜 창고영화였는지 아쉬울 따름 ㅎㅎㅎ | 기괴한데 재밌는 매력적인 B급영화","이성민, 이희준, 공승연, 이규형, 박지환, 우현, 장동주, 김도훈, 빈찬욱, 정화, 강기둥",,2024년 06월 26일 개봉,101분,,,
72,스위트홈 시즌 1,86545,드라마,https://m.kinolights.com/title/86545,"액션, 판타지, 스릴러, 서사/드라마, 공포(호러)",2020년 12월 18일,10부작,넷플릭스,19세 이상 시청가,한국,2020년,"은둔형 외톨이 고등학생 현수가 가족을 잃고 이사 간 아파트에서 겪는 기괴하고도 충격적인 이야기
세상을 차단하고 방 안에 틀어박힌 10대 소년 현수가 세상 밖으로 나온다. 인간이 괴물로 변했다. 그래도 살아야 한다. 아직은 사람이니까. 이웃들과 함께 싸워야 한다.","우리나라 드라마의 새로운 가능성(?)을 열어준 것 같은 의미있는 드라마. 그러나 기억에 남는 스토리 없음.. | 좋은 소재, 좋은 배우들의 연기, 적당한 괴수들 딱 시즌1까지만이다. | 스위트홈... 8화, 9화가 괜찮다. | “사람이 친구를 위하여 목숨을 버리면 이보다 더한 사랑은 없나니 너희가 주 명하는 대로 행하면 곧 주의 친구라, 아멘.“ 정재헌🥹 워리어는 도입부 듣자마자 가슴이 벅차오른다... | 정의명의 등장. 원작과 다른 부분들도 매력있게 다가왔다. | 에피소드 10개를 쏟아 붓고도 전개는 지지부진, 사연을 쏟아내고도 캐릭터들의 매력은 오리무중, 모든 건 다음 시즌에 떠넘기는 무책임한 시즌. | 배우들의 연기가 너무 좋았지만 끝으로 갈수록 내용이 끊기는 느낌이 들어서 살짝 아쉬웠다. | 매우 잼있음 | 리뷰 왜 이 모양임 줠라 재밌는데 ㅋㅋㅋ 일단 송강 얼굴이 대유잼임 그리고 고민시가 너무 예쁨 | <스위트 홈 시즌 1> 리뷰","송강, 이진욱, 이시영, 이도현, 김남희, 고민시, 박규영, 고윤정, 김갑수, 김상호, 김성철",넷플릭스,,,,,
73,SNL 코리아 시즌 7,88248,예능,https://m.kinolights.com/title/88248,버라이어티,2016년 02월 27일,18부작,,15세 이상 시청가,한국,2016년,"새파랗게 젊은, SNL! 대한민국 단 하나, '뭘 좀 아는 어른들'의 생방송 코미디! 더 젊어지고 더 재밌어진 SNL코리아가 한 층 강해진 B급 정서로 돌아왔다.",재밌을 듯 말 듯,"신동엽, 유세윤, 정성호, 정상훈, 김준현, 김민교, 안영미, 정이랑, 강유미, 권혁수, 이세영, 한은성, 정연주, 예원, 고욱, 김혜준",,,,,,
74,범죄도시4,113797,영화,https://m.kinolights.com/title/113797,"액션, 코미디",,,,15세 이상 관람가,한국,2023년,"신종 마약 사건 3년 뒤, 괴물형사 마석도와 서울 광수대는 배달앱을 이용한 마약 판매 사건을 수사하던 중 수배 중인 앱 개발자가 필리핀에서 사망한 사건이 대규모 온라인 불법 도박 조직과 연관되어 있음을 알아낸다. 필리핀에 거점을 두고 납치, 감금, 폭행, 살인 등으로 ...","범죄도시4 | No Funny No Develop No Action “카레에서 짜장으로 바뀌면 뭐하나 이미 아는 맛인데.” | 차라리 김무열 단독 빌런을 하지 그랬어 | 신기하게 같은 느낌인데 새롭다 다만 너무 초심만 지키는 느낌 슬슬 흥미를 잃을지도………. | 이제는 맛없는 아는 맛 | 블라인드 시사회로 봤어요. 4편도 기대하셔도 됩니다~! (아직 출시까지 일년정도 남아서 스포는 못해드려요) | 1.2가 그립다 더는 볼 수 없는 걸까? | 우리의 FDA! 장이수가 다 했다. 개인적으로 2,3편의 빌런보다 훨 인상적이었던 4편의 빌런. | 코믹은 있는뎅 뭔지 소재 갈고도가 심한느낌 | 액션에 더 신경을 쓴 부분이 만족스러웠음 악을 응징하는데서 오는 카타르시스란.. 다 아는 맛이지만 여전히 맛있음","마동석, 김무열, 박지환, 이동휘, 이범수, 김민재, 이지훈, 이주빈, 김신비, 안성봉, 현봉식, 이상진, 김도건, 곽자형, 김영웅, 백승환",,2024년 04월 24일 개봉,109분,,,
75,브로큰,96751,영화,https://m.kinolights.com/title/96751,"액션, 스릴러, 미스터리, 서사/드라마",,,,15세 이상 관람가,한국,2021년,"어느 날 하나뿐인 동생 석태가 시체로 돌아왔다. 그리고 동생의 아내 문영은 자취를 감췄다. 동생이 죽고 진실이 잠든 밤, 분노가 깨어났다. 사건의 실마리를 찾던 민태는, 자신과 같은 흔적을 쫓는 소설가 호령을 만나고 그의 베스트셀러 [야행]에서 동생의 죽음이 예견되었...","하정우의 쇠파이프는 사고친 동생의 뒷수습이 아닌 각본 쓴 사람으로 향해야 한다. | 하정우 X 김남길을 데려다놓고 이정도밖에 못만드나.. 감독의 역량이 안되는듯 | 쪼는 재미는 있었음.. 호령 캐릭터가 덜 풀린 느낌이지만.. | 뭐 어쩌라는건지 모르겠고 왜 만든건지 모르겠어요 이해되는게 아무것도 없고 재미도 감동도 없음 진지하게 돈아깝고 김남길 더 나올까봐 그나마 안 잤는데 그냥 잘 걸 그랬어요 | 강호령이라는 소설가를 완전히 빼도 영화 진행에 문제가 없다. 각본 누가 썼나라는 생각이 든 영화다. | 영화가 하는 메시지가 뭔지 궁금하다. 소설내용과 동생을 죽음이 같다면 소설을 좀더 파해쳐야지 그렇게 보이는 사람마다 때려팰시간에 말야 야행 소설은 대체 왜 나온 거냐 | 재미도 감동도 뭣도 없음.. 제목을 야행에서 브로큰으로 바꾼게 제일 잘한일인듯. 소설이고 뭐고 필요없음. 그냥 다 깨부셔버리고 끝. | ""복수의 칼끝이 닿는 곳엔 진실이 아닌 더 깊은 상처가 기다린다."" | 배우들 연기는 좋은데 스토리가 이상함 돈 아까움 | 브로큰 돼 버린 나의 기대.","하정우, 김남길, 유다인, 정만식, 임성재, 허성태, 서현우, 박종환, 정재광, 이설, 차래형, 장준녕, 김민상, 김찬형, 임한성",,2025년 02월 05일 개봉,99분,,,
76,말할 수 없는 비밀,103288,영화,https://m.kinolights.com/title/103288,"판타지, 멜로/로맨스",,,,전체 관람가,한국,2021년,2008년 개봉한 동명의 대만 영화를 리메이크하는 작품. 피아노 천재인 전학생이 오래된 연습실에서 신비스러운 음악을 연주하던 여학생을 만나면서 시작되는 판타지 로맨스,"시사회 보고 왔는데 원작을 존중하며 한국 작품만의 매력이 느껴져서 재관람하려고 합니다. 음악이 좋은 영화라서 사운드 좋은관에서 관람 추천드립니다🎹🎶 배우들 케미도 귀여워요~ | 사랑의 타이밍이 어긋나면 끝나기 마련인데, 이를 잇는다는 게 판타지. | 원작을 모르고 봤어서 재밌는 반전이었고 그시절 감성이 느껴져서 좋았다. | 시사회로 먼저 보고 왔습니다 “사랑은 타이밍” | 첫사랑 기억을 소환하는 영화네요. 원작을 훼손하지 않으면서 한국적으로 잘 풀어냈고 엔딩이 더 개연성이 있어서 좋았습니다. | 원작의반전을잊지못합니다.빨리보고싶어요 | 원작을 너무감동적으로봐서 리메이크.너무기대됩니다 | 도경수가 연주하는 ‘말할 수 없는 비밀’ 플레이 버튼 고장 각ㅋㅋ 무한 재생 확정! 극장에서 n회 차 하실거죠? | 원작이 가진 이야기를 다 알고 보는건 역시 힘들다 | 도경수와 피아노 너무 기대됩니다","도경수, 원진아, 신예은, 김욱, 배성우, 안승균",,2025년 01월 27일 개봉,103분,,,
77,캡틴 아메리카: 브레이브 뉴 월드,110912,영화,https://m.kinolights.com/title/110912,"액션, SF",,,,12세 이상 관람가,미국,2024년,"대통령이 된 새디우스 로스와 재회 후, 국제적인 사건의 중심에 서게 된 샘이 전 세계를 붉게 장악하려는 사악한 음모 뒤에 숨겨진 존재와 이유를 파헤쳐 나가는 액션 블록버스터","최근 마블 영화가 얼마나 개판이었으면 이정도에도 사람들이 호평하는 걸까... | 우리가 그리워하던 액션과 마인드 “스티브는 가장 강한 사람에게 방패를 물려준 게 아니야” | 캡틴 아메리카 영화인데 어째 인크레더블 헐크 후속작 같을까. | 죽은 빤스형 불알 만지기 | 캐빈파이기가 뒤에 헐크전투신 손 봐서 다행 앞에 1시간40분은 샘윌슨 성장 드라마인줄 액션이 너무 없어서 지루함 해상신이랑 헐크전투신 5분씩 빼면 너무 루즈함 | 좋은 의미로도, 나쁜 의미로도 “자넨 스티브 로저스가 아니야“ | 액션도 고뇌도 와닿지 않는 무색무취 캐릭터와 이야기 | 저정도 장비 빨이면 그냥 혈청 맞는게 나을지도. | 샘의 캡틴 아메리카는 심심하지만 그것만큼의 매력이 있었다 | 마블의 오랜팬으로써 깔끔하고 납득할수있는 세대교체의 예","안소니 마키, 대니 라미레즈, 해리슨 포드, 쉬라 하스, 소샤 로퀴모르, 칼 럼블리, 지안카를로 에스포지토, 팀 블레이크 넬슨, 요하네스 하우쿠르 요하네손, 윌리엄 마크 맥컬러프, 히라 타케히로, 하쉬 나이야르, 토드 알렌 더킨, 더스틴 루이스, 코지 니시야마, 피트 버리스",,2025년 02월 12일 개봉,118분,,Captain America: Brave New World,
78,어바웃 타임,15757,영화,https://m.kinolights.com/title/15757,"코미디, 멜로/로맨스",,,,15세 이상 관람가,영국,2013년,"줄거리 : 성인이 되는 날, 팀은 아버지에게 시간을 돌리는 능력에 대해 듣는다. 꿈을 위해 런던으로 간 팀은 우연히 만난 메리와의 완벽한 사랑을 위해 시간을 돌리지만 시간을 돌릴수록 예상치 못한 사건들이 나타난다.

1분 정보 : <러브 액츄얼리>를 연출한 리차드 ...","정말 내 인생작 영화 ㅠㅠ 첨엔 단순히 두사람의 사랑이야긴줄 알았는데.. 시간여행을 통해 인생의 의미를 알아버렸다.. 특히나 어린시절로 돌아가 아빠와 바닷가장면은..ㅠ 눈물샘 폭발 | 삶에 대한 소중함을 느끼게 되는 영화 | 자신있게 인생영화라고 할 수 있는 명작이에요. 사랑하는 사람들과 지내는 시간의 소중함에 대해 잘 풀어낸 작품입니다. 매번 볼 때마다 행복해지는 영화라 매년 한 번씩은 보는 것 같아... | 캐릭터하나하나가모두밉지않고사랑스럽다 | 시간이 담고 있는 우리의 삶에 관한 사랑스러운 고찰. | 극장에서 보면서 저도 설랬던 영화 내 인생의 가장 중요한 시기를 다시본다면 어떻게 할까요?? | 로맨스와 타임패러독스의 적절한 조화. | 특권을 가진 사람의 훈계 | 모든 캐릭터 하나하나가 너무 사랑스럽고 매력적이다. 머리로는 단점이 종종 보이지만 가슴으로는 무결점의 영화 | 부모님, 사랑하는 여자, 그리고 그들과 함께한 시간.","도널 글리슨, 레이첼 맥아담스, 빌 나이, 린제이 던칸, 리디아 윌슨, 톰 홀랜더, 마고 로비, 바네사 커비, 윌 메릭, 톰 휴즈, 리처드 코더리, 조슈아 맥과이어, 캐서린 스테드맨, 리사 에이크혼, 밋첼 뮬렌, 해리 하든-패턴",,2013년 12월 05일 개봉,123분,,,
79,엘리베이션,140004,영화,https://m.kinolights.com/title/140004,"액션, SF, 스릴러",,,,청소년 관람불가,미국,2024년,싱글대디와 두 여성이 어린 소년의 생명을 구하기 위해 안전한 집에서 나와 괴물과 맞서 싸운다.,,"안소니 마키, 모레나 바카린, 매디 해슨, 타일러 그레이, 마이크 힉맨, 대니 보이드 주니어, 레이첼 닉스, 쇼나 어프, 이안 허멜",,,91분,,Elevation,
80,길소뜸,3326,영화,https://m.kinolights.com/title/3326,서사/드라마,,,,12세 이상 관람가,한국,1985년,"전국이 ‘이산가족 찾기 운동’으로 떠들썩한 1983년, 이북이 고향인 화영(김지미 분)은 우연히 TV 앞에 앉았다가 밤늦도록 자리를 뜨지 못한다. 현재 남편과 자식 셋을 두고, 단란한 가정을 꾸리며 살고 있는 화영에게는 사실 한국전쟁 통에 헤어진 동진(신성일 분)과 아...","이산가족의 아픔을 넘어, 인생의 씁쓸함을 담아낸 영화 | . | 분단국가로서의 한국에 대한 건조한 메타포 / 사실 별점을 조금 더 줄 수 있지만 이상아 배우에게 부당한 요구를 했던 점이 불쾌했기 때문에 훌륭하다고 생각할 수 없습니다",,,1986년 04월 05일 개봉,105분,,,
81,검은 수녀들,131363,영화,https://m.kinolights.com/title/131363,"미스터리, 서사/드라마",,,,15세 이상 관람가,한국,2024년,유니아 수녀는 희준의 몸에 숨어든 악령이 12형상 중 하나라고 확신한다. 당장 올 수 없는 구마 사제를 기다리다가 부마자가 희생될 것이 분명한 상황. 결국 유니아는 소년을 구하기 위해 ‘서품을 받지 못한 수녀는 구마를 할 수 없다’는 금기를 깨기로 결심한다. 하지만 담...,"사악한 악마의 모습을 보고도 놀라지 않던 여성 관객들이 마지막 엔딩에 한 남자배우의 클로즈업을 보고 괴성을 질렀다. | 약은 약사에게 오컬트는 장재현 감독에게. | 성수가 그렇게 강력하면 그걸로 샤워말고 목욕을 시키는 게 어떨까. | 악마 이름을 수십번도 넘게 물어보면서 정작 그 이름은 제대로 들려주지도 않는다. | 이 영화 자체가 신성모독, 당장 꺼져라 | 마지막에 나오는 강동원 얼굴이 제일 재밌는 영화 | 이 더러운 영화야, 당장 떠나거라 | 그래서 이 영화를 제작한 이유가 무엇인가 | 평점 왜 그러지..? 영화도 안 보고 쓰는 사람들 같은데 영화 보고 영화를 평가하세요. 파묘보다 재밌던데 | 굴곡도 없는 스토리에 지루했고, 더글로리 말투를 그대로 가져온것에 동은이가 겹챠보이고, 굳이 왜? 싶은 요소들이 한두개가 아니었다..","송혜교, 전여빈, 이진욱, 문우진, 김국희, 허준호, 신재휘, 강동원",,2025년 01월 24일 개봉,114분,,,
82,위대한 가이드2,140875,예능,https://m.kinolights.com/title/140875,리얼리티,2025년 04월 08일,,,미정,한국,2025년,한국 거주 N년차 대한외국인이 가이드가 되어 모국을 방문하는 여행자들에게 현지인만이 아는 스팟들을 알려주는 현지인 착붙 여행 리얼리티 프로그램,,"박명수, 김대호, 최다니엘",,,,,,
83,콘스탄틴,5296,영화,https://m.kinolights.com/title/5296,"액션, 판타지, 스릴러, 서사/드라마",,,,15세 이상 관람가,"미국, 독일",2005년,인간의 형상을 한 혼혈 천사와 혼혈 악마가 존재하는 세상. 태어날 때부터 그들을 구분하는 능력을 타고난 존 콘스탄틴은 자신의 능력을 저주하며 운명에서 벗어나기 위해 자살을 시도하지만 실패하고 만다. 그 후 다시 살아난 그는 천국과 지옥의 경계를 넘나들며 세상에 존재하는...,"금연하는 사람들 절대 보면 안 되는 작품 | 악과 천사 사이 경계선을 지켜주는 콘스탄틴 나야 존 콘스탄틴 미친 콘스탄틴 | 퇴마사도 암세포는 못 이긴다. | 신부님의 스타일리시한 지옥 순회공연 | ""이승에서 퇴출 당할꺼, 기왕이면 당신과 같은 퇴마사에게 퇴출 당하는 편이..."" 싶은 악마의 마음이 아닐까. 오우~ 개씹좆간지!! | 리메이크가 빨리 나오길 | 재밌어요 | 뭐 하나 멋이 없는 부분이 없네! | 줄거리가 이해하기에 좀 불친절하지만 젊은 키아누 리브스가 처음부터 끝까지 잘생김◠‿◠ 담배도 잘생기게 피고 총질 주먹질도 잘생기게 하고 아파하는 것도 잘생기게 아파함 피땀무한제공 | 가오에 지배당한 다크판타지 영화... 하지만 진짜 멋있는데...?","키아누 리브스, 레이첼 바이스, 샤이아 라보프, 틸다 스윈튼, 프루이트 테일러 빈스, 디몬 하운수, 게빈 로스데일, 피터 스토메어, 에이프릴 그레이스, 래리 세더, 프란시스 귀넌, 수잰 황, 앨리스 로, 코너 딜런 린, 채드 스타헬스키",,2005년 02월 08일 개봉,120분,,Constantine,
84,히트맨2,139252,영화,https://m.kinolights.com/title/139252,"액션, 스릴러, 어드벤처, 코미디",,,,15세 이상 관람가,한국,2023년,"욱해서 그린 웹툰 '암살요원 준'의 성공으로 잠깐 흥행 작가가 된 준은 시즌2 연재 시작과 동시에 뇌절작가로 전락하고, 망작이 된 시즌2는 되려 준을 노리는 글로벌한 악당들의 내한 열풍을 일으킨다. 아무것도 모른 채, 다시 한번 대히트를 꿈꾸며 신작 웹툰 연재에 돌입한...","말도 안되는 설정이지만 그냥 뇌를 빼고 보면 볼만한 영화 | 히트맨1 보다 많은 액션, 뻔한 웃김이 있지만 볼만했다. 이이경x정준호 두 케미가 보기 좋았다. | 우린 이딴 쓰레기나 볼려고 만오천원을 내는게 아니다 | 처음부터 끝까지 거를 타선 없는 쓰레기 | 그러니까 좋든 싫든 전형적인 팝콘무비 | 웹툰(애니메이션)과 실사 영화의 접목이라는 신선함은 1편까지만... 억지스런 뇌절에 구멍까지 숭숭! | 생각 외로 재미있었다. 특히 애니메이션이 명품이다... 👍 | 중반부까진 그래도 명절 특선 영화 정도는 되는데 그 이후부터는... | 1편 보다는 별로지만 | 히트맨, 고퀄의 작화와 OOO 배우의 특별 출연까지! (+ 유쾌했던 무대인사 시사회 현장 후기)","권상우, 정준호, 이이경, 황우슬혜, 김성오, 이지원, 이순원, 한지은, 이준혁, 박광재, 최동구, 송윤하",,2025년 01월 22일 개봉,118분,,,
85,스윙걸즈,47421,영화,https://m.kinolights.com/title/47421,"코미디, 서사/드라마",,,,12세 이상 관람가,일본,2004년,"지루한 여름방학, 보충 수업을 받고 있는 13명의 낙제 여고생들이 합주부에게 도시락을 전해주자는 토모코의 제안을 구실로 땡땡이를 감행한다. 그러나 전달된 도시락이 여름 땡볕에 상해 합주부 전원이 식중독에 걸리는 대사건이 발생한다. 도시락을 못 받은 나카무라 제외한 합주...","유쾌하고 시원한, 여름을 닮은 일본 청춘물이다. 재즈와 여고생이라는 조합의 시너지는 발랄함과 기분좋음 그이상으로, 밋밋하고 평범한 이야기마저도 장점으로 느껴지게 해준다. 행복감까지... | 있는 힘껏 행복한 청춘영화는 어른에게 종종 필요하답니다. | 그 시절 청춘물과 재즈를 훌륭하게 배합해낸다면 | 어쩌다보니 그렇게 진행이 되버린 그 이야기 였지만 그렇게 얼렁뚱땅하고 엉뚱하면서도 당황스러운것들이 썩 마음에 들어서 사랑스럽고 매력적으로 다가오는데 어찌 마음에 들지 않을수 있을까 | 학창시절의 향수가 느껴져서 그 자체만으로도 행복한 경험이지 않을까 | 재즈는 Feel~🎶 느좋 | 정말아름다운이야기였어... | 얼렁뚱땅도 천진하게, 순수함도 반짝이게 만드는 스윙 매직. | 저마다의 스윙이 빛을 내는 사랑스런 청춘들의 합주. | 최근 재개봉한 위플래시와 함께보면 뭔가 묘해지는 영화...","우에노 주리, 히라오카 유타, 칸지야 시호리, 모토카리야 유이카, 토시마 유카리, 다케나카 나오토, 세키네 카나, 미즈타 후미코, 시라이시 미호, 니시다 나오미, 코히나타 후미요, 키노 하나, 사쿠라 무츠코",,"2025년 03월 26일 재개봉
2006년 03월 23일 개봉",105분,,スウィングガールズ,
86,오펜하이머,110524,영화,https://m.kinolights.com/title/110524,서사/드라마,,,,15세 이상 관람가,"미국, 영국",2023년,제2차 세계대전 당시 핵무기 개발을 위해 진행되었던 비밀 프로젝트 ‘맨해튼 프로젝트’를 주도한 미국의 물리학자 ‘로버트 오펜하이머’의 이야기,"모든게 미친영화. 연기도, 스토리도, 놀란스타일의 연출방식도 | 그가 만들면 전기영화도 비범해 진다. | 이미 예견된 결과와 그럼에도 되어버린 세상의 파괴자 | 인물에 대한 배경지식을 조금이라도 공부하고 보면 더 좋을 것 같다. | 내파하는 삶 | 혼자서 세 시간을 이끌어가는 킬리언 머피의 인생연기작 | 예측할 수 없는 세 물체의 운동, 삼체문제 그 자체인 영화 | 역사적 배경을 사전에 알고 보면 꿀잼 이겠지만 모르고 보면 자막 읽다 지침. 특별관 구지 권하지 않음.. 음악도 과하게 느꺼짐. 생각보다 초라한 폭발장면.. 각본 편집 최고임.. | 파멸의 연쇄반응을 다시 0으로 돌려보려는 나약한 과학자의 고뇌. | 요란한 홍보와 감독 네임 밸류로 보편적 관객의 공감을 받는 작품일것이란 기대 금지","킬리언 머피, 에밀리 블런트, 플로렌스 퓨, 맷 데이먼, 로버트 다우니 주니어, 데인 드한, 케네스 브래너, 조쉬 하트넷, 베니 사프디, 게리 올드만, 매튜 모딘, 라미 말렉, 엘든 이렌리치, 알렉스 울프, 케이시 애플렉, 잭 퀘이드",,2023년 08월 15일 개봉,180분,,Oppenheimer,
87,하얼빈,124296,영화,https://m.kinolights.com/title/124296,"서사/드라마, 사극/시대물",,,,15세 이상 관람가,한국,2022년,"1908년 함경북도 신아산에서 안중근이 이끄는 독립군들은 일본군과의 전투에서 큰 승리를 거둔다. 대한의군 참모중장 안중근은 만국공법에 따라 전쟁포로인 일본인들을 풀어주게 되고, 이 사건으로 인해 독립군 사이에서는 안중근에 대한 의심과 함께 균열이 일기 시작한다. 1년 ...","안중근 의사와 배우들의 이름값만 믿고 만든 영화 | 근 5년간 본 영화 중 제일 돈 아까운 작품. 아무리 역사가 스포라지만 상업 영화를 이렇게 재미도 감동도 없이 찍는다고; 다큐로 무료 방영했다면 하품을 참으며 봤겠으나 영화로는 영 | ’어떻게‘와 ‘왜’라는 두 주제를 묵직하게 담아낸 마음 가짐. | 영화를 본 건지 대본 리딩 현장을 본 건지 | 감히 재미를 원하지 못하게 스크린을 뒤덮는 비장함 | 끓어오르는 열망을 차갑게 말하다 | 안중근 뿐 아니라 독립운동 하던 ”사람“들의 이야기. 현 시국과 맞닿아 더욱 몰입되었고, 배우들의 연기와 영상미가 뛰어남. 꼭 극장에서 보시길👍🏻 | 영웅인가 뭔가 한것보다 훨씬 더 낫다 | 하얼빈 솔직히 많이 지루했습니다 보다가 한 세번 졸았습니다 일단 현빈이 너무 안중근역활에 안 어울렸고 전투신도 적었다. 그리고 화면이 어두워서 너무 안보였다. | 캐릭터의 부들거림과 웅장하려고 노력하는 음악정도로 채워지기에는 다소 어려운 애국심","현빈, 박정민, 조우진, 전여빈, 박훈, 유재명, 릴리 프랭키, 이동욱, 안세호, 김지오, 손승훈, 곽진, 에고 미키타스, 윤여원, 이태형, 손인용",,2024년 12월 24일 개봉,114분,,,
88,롤러코스터,9277,영화,https://m.kinolights.com/title/9277,코미디,,,,15세 이상 관람가,한국,2013년,"안전한 운행, 친절한 서비스. 환영합니다. 바비 항공입니다. 영화 <육두문자맨>으로 일약 한류스타가 된 마준규. 비행공포증, 편집증, 결벽증까지 갖출 건 다 갖춘 마준규는 일본 활동 중 터진 여자 아이돌과의 스캔들로 급하게 한국행 비행기에 오른다. 어딘가 오버스러워 보...","억지 웃음이 아닌 진짜 웃음을 터뜨리고 싶다면. | 웃기려고 노력을 하더라 | 하정우의 뇌 | 말로 주고 받는 티키타카 코미디 | 히죽히죽 거렸지만 결국 빵터지진 못했다. | 봉준호 송강호, 김지운 이병헌, 그리고 하정우 이지훈 | 같은 상황 속 다른 생각들. 처음부터 끝까지 밑도 끝도 없이 산만하지만, 동시에 그게 이 영화의 매력. | 유쾌한 불편함 ㅋㅋㅋ | 이야기의 단순한 나열을 완결된 영화라고 부르기 어려운 이유 | 그냥 이렇게 정신 나간 영화도 좋다","정경호, 한수현, 김재화, 최규환, 김기천, 김병옥, 강신철, 고성희, 이지훈, 손화령, 김재영, 김예랑, 마동석, 김성균, 오광록, 하정우",,2013년 10월 17일 개봉,94분,,,
89,1987,61913,영화,https://m.kinolights.com/title/61913,"스릴러, 서사/드라마, 사극/시대물",,,,15세 이상 관람가,한국,2017년,"1987년 1월, 경찰 조사를 받던 스물두 살 대학생이 사망한다. 증거인멸을 위해 박처장의 주도 하에 경찰은 시신 화장을 요청하지만,사망 당일 당직이었던 최검사는 이를 거부하고 부검을 밀어붙인다. 단순 쇼크사인 것처럼 거짓 발표를 이어가는 경찰. 그러나 현장에 남은 흔...","아. 이 아픈 역사를 어찌하오리까 | 역사적인 사실을 실제로 겪지는 못했지만 이 영화를 통해 영화속 실제 주인공들과 그 시대를 겪어낸 모두가 지금의 우리가 평화롭게 누리고 있는 것들을 위해 힘껏 싸워왔다는걸 잊지말기를 | 올 해 최고의 한국영화는 아니었지만 | 주인공이 없는 영화, 아니 모두가 주인공인 영화로 모두가 주인공이었던 한 시대를 그리다. 평범한 사람들의 힘, 불의에 맞선 목격자들의 용기에 감사를 | 적절한 여러 인물의 사건 에피소드가 뭉쳐 서울의 봄을 만들었다 | 별거 아닌 내용, 반전도 없다 단지 그 시대를 살았던 사람들이 왜 그랬을까 큰 정의감도 시대정신도 없었다 단지 그렇게 되기까지 각자의 이야기가 맞물렸을 뿐 언젠가 들었던 고은 ... | 그때의 감동 그때의 분노 그때의 슬픔을 느낄 수 있는영화 | 끝을 모를 긴 어둠 속에서도 작고 초라해보였던 개인의 신념과 선택이 늘 세상을 바꿔왔음을. <1987>의 그들 모두는 30년의 시간을 뛰어넘어 광장에서 우리와 만나면서 또 다시 ... | 1980 - 1987 - 2016. | 역사는 한 사람 한 사람이 모여서 만들어진 흐름이다","김윤석, 하정우, 유해진, 김태리, 박희순, 이희준, 현봉식, 유승목, 최광일, 박지환, 김수진, 이용직, 김종수, 김혜정, 박지홍, 김경덕",,2017년 12월 27일 개봉,129분,,,
90,오징어 게임 시즌 2,106057,드라마,https://m.kinolights.com/title/106057,"스릴러, 서사/드라마, 공포(호러)",2024년 12월 26일,7부작,넷플릭스,19세 이상 시청가,한국,2024년,"복수를 다짐하고 다시 돌아와 게임에 참가하는 기훈과 그를 맞이하는 프론트맨의 치열한 대결, 그리고 다시 시작되는 진짜 게임을 담은 이야기","시즌1부터 작품성이 있진 않았지만 시즌2로 오면서 그나마 있던 재미마저 잃고 오글거리고 구린 연출만 가득해졌다 | 오ㅐ? 난 재밌게 봤는데???? | 공유라는 배우를 다시 보게 된것만으로도 | 늘어지는 서사, 지루한 게임. 욕심만 많았던 3편의 징검다리. | 제작비를 배우 섭외비에 다쓴거 같음 | 시즌1은 걸리는게 있어도 치달리는 전개에 마지막까지 보게 만드는 힘이 있었는데 시즌2는 방지턱에 계속 넘어지는 느낌. 특히 후반부는 정말... | 첫화에 양복남의 신들린 연기에 빠져서 7화까지 정주행하게 만든다. 한국인이 느끼기에 다소 오글거릴수 있지만 오징어게임 2를 만든다 했을때 내놓을 수 있는 거의 완벽한 정답인듯 | 오겜2 기대안했었는데 임샨 출연한데서 몹시 기대됨. 탑이 에러다.. | 오징어게임에서 게임은 어디가고 총질만 | 이건 그냥 오징어잖아요.","이정재, 이병헌, 임시완, 강하늘, 박규영, 이진욱, 공유, 조유리, 강애심, 양동근, 이다윗, 최승현, 노재원, 원지안, 김시은, 박성훈",넷플릭스,,,,,
91,강남 비-사이드,133184,드라마,https://m.kinolights.com/title/133184,"스릴러, 서사/드라마",2024년 11월 06일,8부작,디즈니+,19세 이상 시청가,한국,2024년,"강남에서 사라진 클럽 에이스 재희를 찾는 형사와 검사, 그리고 의문의 브로커, 강남 이면에 숨은 사건을 쫓기 위해 서로 다른 이유로 얽힌 세 사람의 추격 범죄 드라마","어설프다 | 도입부는 강렬했으나, 스토리가 방향성을 잃음. | 지창욱 얼굴이 무기라고 했던 이유를 알겠네 피범벅이여도 잘생긴거 진찐입니까? 얼굴 갈아낀 지창욱, 묘하면서 아름다운 형서 연기신 조우진 진짜 연기, 속도감, 스토리 최고 | 대사가 중2병 걸린 것 같아요 | 캐릭터들이 하나 같이 작위적이고 행동에 대한 설득력이 부족하거나 과장되어 있다. | 스토리전개빠르고 액션시원시원하고 몰입감최고~ 영화보는듯한느낌~ | 1,2회 보고 와 ~~ 했는데 3,4회 보고 하차할까 생각 중 | 실제 사례가 있어서 예상이 가는 스토리인데도, 캐릭터들이 살아있어서 몰입해서 보게됨. | 지창욱과 조우진의 연기는 정말 최고였다. 한 주에 2회 공개였지만 그럼에도 높은 몰입감을 유지하면서 봤다. | 멋있는 건 다 보여 줄려고 하는 드라마 그래서 멋있긴 함.","조우진, 지창욱, 하윤경, 비비, 오예주, 현봉식, 정재광, 임성재, 정만식, 차래형, 류혜영, 정가람, 지승현, 기리보이, 박성준, 안성봉",디즈니+,,,,,
92,동화지만 청불입니다,139045,영화,https://m.kinolights.com/title/139045,"코미디, 멜로/로맨스",,,,청소년 관람불가,한국,2024년,동화 작가가 꿈이지만 현실은 불법 음란물 단속팀 새내기인 단비는 스타 작가를 찾던 성인 웹소설계 대부 황대표와 우연한 사고로 노예 계약을 맺게 되면서 하루아침에 19금 소설을 쓰게 된다. 생전 접한 적 없는 장르를 집필하는 데 난항을 겪던 단비는 음란물 단속을 하다 권...,"큰틀에서 뻗어나가면 끝에서는 하나로 모여야한다 하지만 이영화는 뜬금없이 뻗어나가시작하여 전개없이 결말에서 어거지로 결합한다 | 편하게 웃으면서 보기 좋은 영화 | 배우만 보인다는 게 종합 예술 분야인 영화에서는 칭찬이 아닐 수도 있다는 걸 보여주는 예시. | 내용은 뻔한데, 소재와 연기가 살렸다 | 순수와 파격의 경계를 넘나드는 19금 성장 코미디 | 생각보다 19금인 B급 감성이 잘 들어나는 웃긴영화 | 재밌는데, 웃기고, 은근 야하다. 청불이지만 장르가 코미디인 것 같다. SNL보다 웃기다. 재밌다. | 소소하게 봤어요. 요즘 많이 나오는 박지현 배우 볼겸. | 애써 건전해 보이려 몸부림치는 19금 야한 동화(야동?) | 뇌 비우면 볼만해요","박지현, 최시원, 성동일, 박호산, 박철민, 박건일, 황세온, 설우인, 김영아, 이시엘, 남중규",,2025년 01월 08일 개봉,109분,,,
93,찌질의 역사,141413,드라마,https://m.kinolights.com/title/141413,"코미디, 멜로/로맨스",2025년 02월 26일,8부작,웨이브,15세 이상 시청가,한국,2025년,어느 누구라도 찌질해질 수밖에 없는 사랑과 연애에 대한 이야기.,"진짜 재밌네요. 넥플릭스에 나왔으면 초대박 쳤을듯. | 아실려나 모르겠지만 우리들의 천국과 내일은 사랑의 느낌이 물씬 풍긴다. 당대 최진실과 이병헌을 스타덤에 올려준 캠퍼스 로코물의 느낌이 확 난다 말이다. 향수가 사무친다. | 너무 재밌어요!! | 현실적인 에피소드, 사랑스러운 캐릭터, 디테일 꼼꼼한 연출, 장범준의 촥붙 OST 로 완전 재밌는 드라마 | 웹툰을 잘 구현해낸 것 같습니다 다시금 그시절 생각이 나고 화면곳곳에 자잘한 추억과 순수한 찌질함이 잘 묻어나오네요 민기 화이팅! | 어릴적 향수가 나고, 가슴이 몽글몽글하게 만들어줘요 | 재밌어요 | 홍대에 김정환 전무님 사랑해~ | 여주 캐스팅 개 ㅈ망 | 이거 예전 20대에 미숙했던 모두의 이야기 같아서 재밌어요- 진짜 공중파 못 나온게 아쉬움- 다른플랫품에 늦게 라도 올라오면 좋을듯- 진짜 재밌는데- 그리고 ost 완전좋음","조병규, 려운, 정재광, 정용주, 송하윤, 방민아, 이민지, 황보름별, 조윤서, 정신혜, 백민현, 김수진, 김강민",,,,,,
94,오늘의 여자 주인공,126650,영화,https://m.kinolights.com/title/126650,"스릴러, 미스터리, 서사/드라마",,,,청소년 관람불가,미국,2023년,인기 TV 프로그램인 데이트 게임에서 연쇄살인범이 출연해 승리했던 실화를 바탕으로 한 영화.,"쎄해지는 그 감을 정확히 캐치해낸 작품 그렇기에 더욱 불쾌한 작품 그런 순간에도 웃어 줘야 하는 여자에 대해 생각해 보게 된다 | 중구난방 교차편집. 피해자의 시점에서 이야기를 하려는 듯 하지만 이리저리 뒤섞여 버린 단편적 사건들의 공통 분모가 결국 살인범인 로드니 앨칼라가 되어버리니 영화의 중심이 모호하다. | 살인자 연기는 참 좋았는데, 주요 인물 이야기가 다 따로 노는 바람에 아무것도 살리지 못했다. 안나 켄드릭 역량 부족 | 누군가를 설득시킬만큼 친절하지도, 의미전달이 명쾌하지도 않은 영화. 보는 여자인 나만 내내 무섭고 불쾌함.. | 수십 여성의 목숨을 앗아간 개새끼 로드니 앨칼라의 개만도 못한 행각에 피가 거꾸로.. 감옥에서 디졌다고 한다. 실화바탕. 만듦새는 심히 아쉽다. 애나 켄드릭. 2023. 2.5 | 먹잇감이 된 여성의 일그러진 미소가 이보다 더 공포스러워보였던 적이 없다 | 방관이 낳은 살인마..... | 긴장감도 교훈도 임팩트도 어설프다.. 무엇을 말하려고 하는지 정도만 건져간 평범한 영화 | 웃어주면 목숨을 잃고 웃지 않으면 외면 받는 여성들의 이야기 | 70년대가 배경이지만, 지금과 별반 다르지 않은 폭력적인 상황들에 현재를 돌아보게 만든다. 다만 하나로 합쳐지지 못하고 열거에 그친 에피소드들의 구성은 아쉽다.","안나 켄드릭, 토니 헤일, 다니엘 조바토, 니콜레트 로빈슨, 피트 홈즈, 어텀 베스트, 캐서린 갤러거, 켈리 제이클, 랍 모튼, 제디디아 구데이커, 맷 비서, 딜런 슈미드, 카렌 홀니스, 데날다 윌리엄스, 제시 프레이저, 매티 피노키오",,2024년 10월 18일 개봉,95분,,Woman of the Hour,
95,언힌지드,83002,영화,https://m.kinolights.com/title/83002,"액션, 스릴러",,,,청소년 관람불가,"미국, 영국",2020년,"월요일 아침, 학교에 늦은 아들을 데려다 주고 출근을 해야하는 레이첼. 꽉 막힌 도로, 직진 신호가 되었는데도 앞 차가 움직일 생각을 하지 않는다. 짜증이 난 레이첼은 필요 이상으로 경적을 크게 울리고, 앞 차의 운전자는 그녀의 무례한 행동에 사과를 요구한다. 이를 무...",종로에서 빰맞고 한강가서 화풀이인가 | 돈 드는 것도 아닌데 미안하다는 말 너무 아끼고 살지 맙시다들. | 인위적인 세팅과 나사빠진 캐릭터 구성 | 개연성을 말아먹은 영화 | . | 교통안전 캠페인? 캐릭터 구축이나 제대로 | 언힌지드 정보 출연진 줄거리 결말 후기 낯선 남자의 무서운 보복운전 스릴러 영화 추천 | 후반부에 가선 영화도 무슨 말을 해야 할지 갈피를 못 잡고 있는 것 같다 | 러셀 크로우의 반전 매력은 흥미롭지만 불쾌하다. | 90분짜리 보복운전 주의하자는 공익성 영화. 끄읕.,"러셀 크로우, 카렌 피스토리우스, 가브리엘 베이트먼, 지미 심슨, 오스틴 P. 맥켄지, 앤 레이턴, 루시 포스트, 스티븐 루이스 그루쉬, 실비아 그레이스 크림, 사만다 보리유, 마이클 파파존, 데븐 맥네어, 그레첸 코너, 도나 두플랜티어, 앤드류 모가도",,2020년 10월 07일 개봉,90분,,Unhinged,
96,크레이븐 더 헌터,124363,영화,https://m.kinolights.com/title/124363,"액션, 스릴러",,,,15세 이상 관람가,"미국, 영국, 아이슬란드, 캐나다",2023년,죽음의 문턱에서 맹수의 초인적인 힘을 얻고 살아 돌아온 크레이븐이 무자비한 복수의 길을 택하며 거침없는 사냥을 펼치는 액션 블록버스터,기대되용 | 이젠 생각과 고민도 사치인 소니의 동물농장 프로젝트. | 이렇게 찍어 놓고 유니버스의 부흥을 원하다니 양심은 어디에? | 범 같은 액션과 고양이 같은 스토리. | 독립은 여러모로 힘겨워 보인다 | 캐스팅 하나만 성공 | 엉성한 스토리에 약간은 잔혹한 액션 | 영화관에서 보고싶었는데 | 약간의 반전과 꽤 괜찮은 액션 . 배우들의 연기도 좋았음. 기대가 없어서 그런가. | 엉성한 스토리 괜찮은 액션씬,"애런 테일러 존슨, 러셀 크로우, 아리아나 데보스, 크리스토퍼 애봇, 알렉산드로 니볼라, 프레드 헤킨저, 유리 콜로콜니코브, 리바이 밀러, 빌리 배럿, 디아나 바브니코바, 톰 리드, 무라트 세븐",,,127분,2024년 12월,Kraven the Hunter,
97,위키드,131203,영화,https://m.kinolights.com/title/131203,"판타지, 뮤지컬",,,,전체 관람가,미국,2024년,"자신의 진정한 힘을 미처 발견하지 못한 엘파바. 자신의 진정한 본성을 아직 발견하지 못한 글린다. 전혀 다른 두 사람은 마법 같은 우정을 쌓아간다. 그러던 어느 날, 마법사의 초대를 받아 에메랄드 시티로 가게 되고 운명은 예상치 못한 위기와 모험으로 두 사람을 이끄는데...","별맛은 없고 생긴 것만 화려한 디저트 같음 | 그냥 무조건 봐라 최고다 | 추락하는 순간 어린시절을 마주하고 빗자루를 타고 다시 날아오르며 디파잉 그래비티를 외칠 때의 벅차오르는 감동이 기억에 남는다. 후반 20분을 위한 전반 140분의 여정 | 역대급 서사와 비쥬얼과 넘버와 연출이 어우러진 뮤지컬 영화상 최강이라 할만한 작품. 어서 빨리 다음 이야기가 보고 싶어짐. 중간에 눈물이 왈칵 쏟아지는 장면도 있음. 감동적임. | 소외 되었을뿐, 결코 약하지 않음에도 | '그냥 볼만하네' 싶다가 Defying Gravity 파트에서 고쳐잡은 자세 | 진짜 재밌게 봤는데 오프닝때 폰트 진짜 무슨일..? 너무 구려서 두통 옴 | 2부작인줄 끝에 보고 알았음. 3분의2가 넘 지루한데... 뺄건 빼고 한편으로 마무리하지 ㅡ.ㅡ+ 나머지 3분의1때문에 그나마 위안. | 원작 소설과 뮤지컬을 안 본 상태로 봤는데, 너무 재밌어요! 음악과 연기가 할 말 다 했어요..!! | 뮤지컬로만 본 위키드를 입체적으로 화려하게 각인 시켜준 영화","아리아나 그란데, 신시아 에리보, 조나단 베일리, 에단 슬레이터, 양자경, 제프 골드브럼, 마리사 보데, 박혜나, 정선아, 고은성, 정승원, 정영주, 남경주, 사문영",,2024년 11월 20일 개봉,160분,,Wicked,
98,알쓸별잡,125543,예능,https://m.kinolights.com/title/125543,"버라이어티, 토크쇼",2023년 08월 03일,7부작,"tvN, 티빙",12세 이상 시청가,한국,2023년,"별난 지구, 별난 도시에서 펼쳐지는 지적 수다의 향연! 건축X역사X문학X물리학X영화의 여러 박사들과 함께 떠나는 지구별 수다여행! 알아두면 쓸데없는 지구별 잡학사전 <알쓸별잡>","근데 굳이 해외촬영이. 필요한가요? | 이번 멤버들 좋은데 아쉬운 점은 너무 짧다는 점. | 사이즈가 커지면서 재미도 커진 | 다양한 지식들을 배울 수 있어 좋고 맨해튼의 아름다운 도시도 알 수 있어 좋았습니다! | 꿀잼 | 이렇게 재밌게 지식을 쌓을수 있다니! | 편집 실력을 너무 과신하는게 아닐지 | 시즌이 거듭될수록 인문학이 부족해진다 할렘의 젠트리피케이션은 긍정적으로만 다루고, 오펜하이머는 4화 동안이나 이야기하고.. 아쉽다 | 알쓸범잡부터 알쓸 시리즈 다 챙겨 본 사람으로서 이번 편도 너무 좋았어요🩵 민하 배우와 채경 박사님의 케미랑 현준 교수님이 기억에 남아요! 또 항상 믿고 보는 김상욱 교수님🫶 | 굳이 왜 별잡으로 이름을 바꿨는지 알 수 없게 지난 신잡 시리즈들과 비슷하다. 그리고 유현준 건축가님 약간 gv 빌런 같은 느낌이 난다. ㅋㅋㅋㅋ","장항준, 김상욱, 유현준, 이동진, 심채경, 김민하, 크리스토퍼 놀란, 로버트 다우니 주니어, 맷 데이먼, 에밀리 블런트, 킬리언 머피",,,,,,
99,직장인들,140529,예능,https://m.kinolights.com/title/140529,"코미디, 버라이어티",2025년 02월 22일,,쿠팡플레이,19세 이상 시청가,한국,2025년,위기의 중소 광고회사 DY기획을 배경으로 AZ와 GenZ 사이에서 ‘낀대’가 되어가는 MZ들의 오피스 생존기,몇몇 쇼츠할 부분만 재미있고 별루 | SNL의 순한맛 정도 수위!! 그러나 누구나 호불호 없이 재미있게 감상 가능할 것 같다. | 무한상사 + mz오피스 + 라디오스타 개꿀잼이네요 ㅋㅋㅋㅋㅋㅋㅋ 쿠플이 잘하는 건 이런 거 | 한국판 더 오피스 | Snl까지가 딱 재밌었던거 같음 | 재밌슨 | 아조씨 잼써 ㅋㅋ | 오디오가 비질 않음ㅋㅋ 재밌음 | 진짜 웃기네 ㅋㅋㅋ 다들 웰케 잘해,"김원훈, 이수지, 현봉식, 신동엽, 김민교, 지예은, 윤, 카더가든, 마츠시게 유타카, 이혜리, 고수, 최지우, 추성훈, 강하늘",쿠팡플레이,,,,,
100,악연,76878,영화,https://m.kinolights.com/title/76878,서사/드라마,,,,청소년 관람불가,한국,2017년,학대받으며 성장한 주인공이 한 남자를 죽이고 자살하는 과정을 그린 단편 영화,,,,,17분,,,
